Username,PanelID,Date,Start,End,FeedPanelEnd,FeedTime,Duration,Size,ProcessSide,Area,HoleCount,GrooveCount,MillCount,WorkArea,PositioningEnd,PositioningTime
,BASE TST,2025/04/30,00:06:29,00:07:32,00:06:48,17.472,44.054,2519.4 x 459.4 x 15.3,XY1,1.157,18,0,0,Default,00:06:31,1.622
,PAINEL FRONT TST,2025/04/30,00:09:09,00:09:56,00:09:30,19.718,26.333,2550 x 485.3 x 15.3,XY1,1.238,14,0,0,Default,00:09:10,1.310
,porta com 90,2025/04/30,00:12:24,00:12:50,00:12:35,9.298,14.851,476 x 356 x 15.3,XY1,.169,6,0,0,Default,00:12:26,1.373
,TRAVA INF CIG X,2025/04/30,00:15:20,00:16:44,00:15:36,14.851,68.016,1889 x 625 x 15.3,XY1,1.181,232,0,0,Default,00:15:21,1.388
,TRAVA INF CIG X,2025/04/30,00:19:23,00:21:39,00:19:30,5.242,128.981,1889 x 625 x 15.3,XY1,1.181,230,0,0,Default,00:19:24,1.076
,SUP CIG,2025/04/30,00:23:01,00:24:16,00:23:50,47.674,25.350,1889 x 625 x 15.3,XY1,1.181,14,0,0,Default,00:23:03,1.498
,LAT DIR CX ESQ,2025/04/30,00:25:16,00:26:13,00:25:31,12.854,42.182,774.44 x 380 x 15.3,XY1,.294,40,0,0,Default,00:25:18,1.513
,LAT ESQ CX DIR,2025/04/30,00:26:39,00:27:54,00:27:13,32.635,40.950,774.44 x 380 x 15.3,XY1,.294,42,0,0,Default,00:26:41,1.186
,BASE CX INF DIR X,2025/04/30,00:35:12,00:36:38,00:35:29,15.600,68.702,1241.4 x 380 x 15.3,XY1,.472,21,1,0,Default,00:35:13,1.310
,BASE CX INF ESQ X,2025/04/30,00:37:25,00:38:59,00:37:53,25.771,66.394,1241.4 x 380 x 15.3,XY1,.472,21,1,0,Default,00:37:27,1.435
,LAT_DIR_TST,2025/04/30,00:42:36,00:43:03,00:42:39,1.872,24.274,485.3 x 474.7 x 15.3,XY1,.230,9,0,0,Default,00:42:37,.811
,LAT_ESQ_TST,2025/04/30,00:43:42,00:44:45,00:44:26,42.994,18.923,474.7 x 485.3 x 15.3,XY1,.230,9,0,0,Default,00:43:43,.874
,LAT DIR CREM,2025/04/30,00:45:41,00:46:43,00:46:10,28.392,32.448,1250 x 350.7 x 18.3,XY1,.438,39,0,0,Default,00:45:42,1.139
,LAT ESQ  CREM,2025/04/30,00:47:38,00:48:53,00:48:20,40.310,33.571,1250 x 350.7 x 18.3,XY1,.438,39,0,0,Default,00:47:39,1.061
,RDP TRAS ESQ,2025/04/30,00:49:57,00:50:44,00:50:14,15.538,30.014,1256.7 x 100 x 15.3,XY1,.126,16,0,0,Default,00:49:59,1.622
,TRAV TRAS X,2025/04/30,00:51:05,00:51:50,00:51:11,4.181,39.390,1241.4 x 150 x 15.3,XY1,.186,24,0,0,Default,00:51:06,1.123
,TRAV TRAS X,2025/04/30,00:52:08,00:52:50,00:52:10,1.747,39.562,1241.4 x 150 x 15.3,XY1,.186,24,0,0,Default,00:52:09,.811
,PAINEL CREM,2025/04/30,00:53:37,00:55:09,00:54:30,51.371,39.078,1213.4 x 460.4 x 15.3,XY1,.559,20,0,0,Default,00:53:38,1.810
,BASE CIG,2025/04/30,00:57:20,00:58:31,00:58:09,47.362,22.277,1889 x 154.55 x 15.3,XY1,.292,4,0,0,Default,00:57:22,1.622
,RDP ESQ DIR,2025/04/30,00:59:38,01:00:02,00:59:43,4.243,19.235,319.4 x 100 x 15.3,XY1,.032,8,0,0,Default,00:59:39,1.186
,RDP TRAS DIR,2025/04/30,01:00:15,01:00:48,01:00:18,1.934,29.827,1256.7 x 100 x 15.3,XY1,.126,16,0,0,Default,01:00:16,1.061
,PORTA_CHAVE,2025/04/30,01:04:54,01:05:07,01:04:58,3.307,8.564,738.84 x 311.775 x 15.3,XY1,.230,2,0,0,Default,01:04:55,1.248
,PORTA_ESQ,2025/04/30,01:05:50,01:06:16,01:06:06,15.101,9.797,738.84 x 311.775 x 15.3,XY1,.230,2,0,0,Default,01:05:51,.936
,PORTA_ESQ,2025/04/30,01:06:40,01:07:02,01:06:53,12.418,8.736,738.84 x 311.775 x 15.3,XY1,.230,2,0,0,Default,01:06:41,.562
,PORTA_ESQ,2025/04/30,01:07:19,01:07:31,01:07:22,2.683,8.611,738.84 x 311.775 x 15.3,XY1,.230,2,0,0,Default,01:07:20,.936
,PORTA_DIR,2025/04/30,01:08:27,01:08:39,01:08:30,2.683,8.674,738.84 x 311.775 x 15.3,XY1,.230,2,0,0,Default,01:08:27,.187
,PORTA_DIR,2025/04/30,01:08:48,01:08:58,01:08:50,1.560,8.611,738.84 x 311.775 x 15.3,XY1,.230,2,0,0,Default,01:08:48,.749
,PORTA_DIR_M,2025/04/30,01:09:27,01:09:52,01:09:43,14.789,8.549,738.84 x 301.775 x 15.3,XY1,.223,2,0,0,Default,01:09:28,.936
,PORTA_ESQ_M,2025/04/30,01:10:18,01:10:32,01:10:23,3.806,8.611,738.84 x 301.775 x 15.3,XY1,.223,2,0,0,Default,01:10:19,1.186
,LAT DIR CX ESQ,2025/04/30,01:11:10,01:12:10,01:11:28,17.347,42.260,774.44 x 380 x 15.3,XY1,.294,40,0,0,Default,01:11:11,1.061
,LAT ESQ CX DIR,2025/04/30,01:12:38,01:13:22,01:12:42,2.933,40.685,774.44 x 380 x 15.3,XY1,.294,42,0,0,Default,01:12:39,1.310
,PRATELEIRA INF,2025/04/30,01:15:11,01:15:45,01:15:26,13.354,19.157,611.55 x 349.85 x 18.3,XY1,.214,0,4,0,Default,01:15:13,1.513
,PRATELEIRA INF,2025/04/30,01:16:10,01:16:36,01:16:17,5.429,19.781,611.55 x 349.85 x 18.3,XY1,.214,0,4,0,Default,01:16:11,1.076
,PRATELEIRA INF,2025/04/30,01:17:08,01:17:30,01:17:10,1.622,19.469,611.55 x 349.85 x 18.3,XY1,.214,0,4,0,Default,01:17:09,1.076
,PRATELEIRA INF,2025/04/30,01:17:56,01:18:18,01:17:59,2.059,18.595,611.55 x 349.85 x 18.3,XY1,.214,0,4,0,Default,01:17:57,1.061
,PRATELEIRA INF,2025/04/30,01:19:48,01:20:20,01:20:00,11.045,19.656,611.55 x 349.85 x 18.3,XY1,.214,0,4,0,Default,01:19:49,.952
,PRATELEIRA INF,2025/04/30,01:21:32,01:21:54,01:21:35,1.622,19.344,611.55 x 349.85 x 18.3,XY1,.214,0,4,0,Default,01:21:33,1.061
,PRATELEIRA INF,2025/04/30,01:22:20,01:22:42,01:22:23,1.872,19.282,611.55 x 349.85 x 18.3,XY1,.214,0,4,0,Default,01:22:21,1.061
,PRATELEIRA INF,2025/04/30,01:23:01,01:23:22,01:23:03,1.310,19.219,611.55 x 349.85 x 18.3,XY1,.214,0,4,0,Default,01:23:02,.874
,LAT ESQ CX ESQ,2025/04/30,01:25:06,01:26:06,01:25:31,23.837,34.882,874.44 x 498 x 18.3,XY1,.435,44,0,0,Default,01:25:07,1.123
,LAT DIR CX DIR,2025/04/30,01:26:31,01:27:17,01:26:36,3.432,41.496,874.44 x 498 x 18.3,XY1,.435,46,0,0,Default,01:26:32,1.498
,RDP CENT,2025/04/30,01:30:01,01:30:30,01:30:11,7.987,19.219,319.4 x 100 x 15.3,XY1,.032,8,0,0,Default,01:30:03,1.825
,RDP CENT,2025/04/30,01:30:34,01:30:56,01:30:37,2.496,18.907,319.4 x 100 x 15.3,XY1,.032,8,0,0,Default,01:30:35,.936
,RDP DIR ESQ,2025/04/30,01:31:04,01:31:35,01:31:16,11.045,19.094,319.4 x 100 x 15.3,XY1,.032,8,0,0,Default,01:31:04,.811
,TRAV DIR TST,2025/04/30,01:31:40,01:31:58,01:31:45,4.056,13.291,444.85 x 70 x 15.3,XY1,.031,5,0,0,Default,01:31:41,.827
,TRAV ESQ TST,2025/04/30,01:32:04,01:32:19,01:32:08,2.808,11.794,444.85 x 70 x 15.3,XY1,.031,5,0,0,Default,01:32:05,.952
,TRAV CENT TST,2025/04/30,01:32:26,01:32:38,01:32:29,2.371,8.112,444.85 x 155 x 15.3,XY1,.069,3,0,0,Default,01:32:27,1.061
,TAMPO CREM X,2025/04/30,01:32:55,01:33:35,01:33:03,6.926,31.886,460.4 x 350.7 x 18.3,XY1,.161,12,0,0,Default,01:32:57,1.435
,BASE CREM X,2025/04/30,01:33:53,01:34:46,01:34:18,23.275,28.704,460.4 x 350.7 x 18.3,XY1,.161,14,0,0,Default,01:33:54,.936
,DIV TST,2025/04/30,01:35:00,01:35:50,01:35:17,15.787,33.446,459.4 x 429.55 x 15.3,XY1,.197,14,0,0,Default,01:35:01,.874
,TRAVA DIR CIG,2025/04/30,01:39:06,01:39:36,01:39:11,4.805,25.100,1250 x 70 x 15.3,XY1,.088,10,0,0,Default,01:39:06,.624
,TRAVA ESQ CIG,2025/04/30,01:39:48,01:40:14,01:39:51,1.747,22.651,1250 x 70 x 15.3,XY1,.088,10,0,0,Default,01:39:49,1.123
,TRAV FRONT ESQ,2025/04/30,01:40:29,01:40:57,01:40:31,1.435,25.787,1241.4 x 70 x 15.3,XY1,.087,14,0,0,Default,01:40:30,.811
,TRAV FRONT DIR,2025/04/30,01:41:09,01:41:38,01:41:13,2.434,25.584,1241.4 x 70 x 15.3,XY1,.087,14,0,0,Default,01:41:10,.998
,RDP FRON ESQ,2025/04/30,01:41:53,01:42:35,01:42:04,10.234,31.013,1256.7 x 100 x 15.3,XY1,.126,16,0,0,Default,01:41:54,1.373
,RDP FRON DIR,2025/04/30,01:42:42,01:43:14,01:42:44,1.373,30.014,1256.7 x 100 x 15.3,XY1,.126,16,0,0,Default,01:42:43,.936
,TAMPO INF DIR,2025/04/30,01:52:45,01:53:10,01:52:52,5.117,17.784,1276 x 501 x 25.3,XY1,.639,13,0,0,Default,01:52:47,1.872
,FRE00006793A,2025/04/30,01:54:37,01:55:10,01:55:00,21.965,9.672,441.75 x 366.5 x 18.3,XY1,.162,6,0,0,Default,01:54:38,1.248
,TAMPO INF ESQ X,2025/04/30,01:59:02,01:59:34,01:59:11,7.238,23.774,1276 x 501 x 25.3,XY1,.639,13,0,0,Default,01:59:03,1.373
,DIVISORIA CX INF ESQ Y,2025/04/30,02:01:01,02:02:20,02:01:04,2.746,75.754,759.14 x 370.15 x 18.3,XY1,.281,55,0,0,Default,02:01:01,.811
,DIVISORIA CX INF DIR Y,2025/04/30,02:02:44,02:04:08,02:02:50,4.742,78.250,759.14 x 370.15 x 18.3,XY1,.281,59,0,0,Default,02:02:45,1.061
,PRATELEIRA CREM X,2025/04/30,02:05:04,02:05:34,02:05:15,10.421,19.094,460.4 x 305.4 x 18.3,XY1,.141,0,4,0,Default,02:05:05,1.373
,PRATELEIRA CREM X,2025/04/30,02:05:49,02:06:12,02:05:53,2.309,18.985,460.4 x 305.4 x 18.3,XY1,.141,0,4,0,Default,02:05:50,1.061
,PRATELEIRA CREM X,2025/04/30,02:06:35,02:06:56,02:06:37,1.123,18.782,460.4 x 305.4 x 18.3,XY1,.141,0,4,0,Default,02:06:36,.936
,PRATELEIRA CREM X,2025/04/30,02:07:24,02:07:46,02:07:27,1.622,18.985,460.4 x 305.4 x 18.3,XY1,.141,0,4,0,Default,02:07:25,.936
,PRATELEIRA CREM X,2025/04/30,02:08:04,02:08:32,02:08:13,7.987,18.970,460.4 x 305.4 x 18.3,XY1,.141,0,4,0,Default,02:08:05,1.061
,TRAVA SUP CIG,2025/04/30,02:09:37,02:10:06,02:09:41,2.621,24.648,1858.4 x 70 x 15.3,XY1,.130,8,0,0,Default,02:09:39,1.310
,TRA00018631A,2025/04/30,02:18:06,02:18:20,02:18:09,1.560,11.544,889 x 70 x 15.3,XY1,.062,6,0,0,Default,02:18:07,.811
,TRA00018618A,2025/04/30,02:18:25,02:18:39,02:18:29,3.058,10.421,481.5 x 70 x 15.3,XY1,.034,6,0,0,Default,02:18:26,1.123
,TRA00018548A,2025/04/30,02:19:16,02:19:29,02:19:19,1.310,9.922,982.5 x 70 x 18.3,XY1,.069,2,0,0,Default,02:19:17,.936
,TRA00018627A,2025/04/30,02:19:37,02:19:50,02:19:39,1.123,10.982,839 x 70 x 15.3,XY1,.059,6,0,0,Default,02:19:38,1.061
,TRA00018633A,2025/04/30,02:19:56,02:20:11,02:20:00,2.621,10.795,889 x 70 x 15.3,XY1,.062,6,0,0,Default,02:19:57,.936
,GAV00042003A,2025/04/30,02:20:38,02:20:58,02:20:41,1.498,17.597,711 x 95.5 x 15.3,XY1,.068,8,0,0,Default,02:20:39,.749
,TRA00018614A,2025/04/30,02:27:53,02:28:06,02:27:55,1.810,11.170,469 x 70 x 15.3,XY1,.033,6,0,0,Default,02:27:53,.624
,TRA00018616A,2025/04/30,02:28:17,02:28:30,02:28:20,1.560,10.795,939 x 70 x 15.3,XY1,.066,6,0,0,Default,02:28:18,1.014
,ROD00004874A,2025/04/30,02:28:44,02:28:57,02:28:48,3.806,8.986,800 x 80 x 15.3,XY1,.064,6,0,0,Default,02:28:45,.624
,GAV00041570A,2025/04/30,02:29:06,02:29:41,02:29:09,2.122,31.403,183 x 95.15 x 15.3,XY1,.017,6,0,0,Default,02:29:07,1.139
,GAV00041570A,2025/04/30,02:29:45,02:30:15,02:29:47,1.747,27.144,183 x 95.15 x 15.3,XY1,.017,6,0,0,Default,02:29:46,1.061
,GAV00042003A,2025/04/30,02:30:41,02:31:04,02:30:44,2.122,19.094,711 x 95.5 x 15.3,XY1,.068,8,0,0,Default,02:30:42,1.014
,AFA00004212A,2025/04/30,02:31:13,02:31:26,02:31:16,2.246,9.734,895 x 70 x 15.3,XY1,.063,2,0,0,Default,02:31:14,1.076
,TRA00018607A,2025/04/30,02:31:38,02:31:51,02:31:40,1.373,10.608,589 x 70 x 15.3,XY1,.041,6,0,0,Default,02:31:39,1.061
,TRA00018648A,2025/04/30,02:31:58,02:32:14,02:32:01,1.934,13.229,949 x 70 x 15.3,XY1,.066,6,0,0,Default,02:31:59,1.061
,AFA00004212A,2025/04/30,02:32:35,02:32:47,02:32:37,1.872,9.625,895 x 70 x 15.3,XY1,.063,2,0,0,Default,02:32:35,.811
,TRA00018649A,2025/04/30,02:32:54,02:33:07,02:32:56,1.997,10.670,949 x 70 x 15.3,XY1,.066,6,0,0,Default,02:32:54,.811
,GAV00041989A,2025/04/30,02:38:51,02:39:12,02:38:54,2.246,17.722,546 x 95.5 x 15.3,XY1,.052,8,0,0,Default,02:38:52,1.061
,GAV00042004A,2025/04/30,02:39:21,02:39:39,02:39:23,1.061,15.662,711 x 95.5 x 15.3,XY1,.068,6,0,0,Default,02:39:22,.936
,TRA00018554A,2025/04/30,02:44:35,02:44:56,02:44:47,11.294,9.048,533 x 70 x 18.3,XY1,.037,2,0,0,Default,02:44:36,.811
,TRA00018551A,2025/04/30,02:45:10,02:45:22,02:45:12,1.310,9.563,963 x 70 x 18.3,XY1,.067,2,0,0,Default,02:45:11,.936
,TRA00018611A,2025/04/30,02:45:31,02:45:47,02:45:34,2.184,13.166,885 x 70 x 15.3,XY1,.062,8,0,0,Default,02:45:31,.811
,TRA00018656A,2025/04/30,02:46:02,02:46:14,02:46:04,.874,10.421,439 x 70 x 15.3,XY1,.031,6,0,0,Default,02:46:03,.686
,TRA00018626A,2025/04/30,02:46:26,02:46:40,02:46:29,1.310,10.920,839 x 70 x 15.3,XY1,.059,6,0,0,Default,02:46:27,.952
,GAV00042061A,2025/04/30,02:47:05,02:47:24,02:47:08,1.872,16.474,852 x 75.5 x 15.3,XY1,.064,8,0,0,Default,02:47:06,.811
,GAV00042062A,2025/04/30,02:47:33,02:47:50,02:47:36,1.872,14.477,852 x 75.5 x 15.3,XY1,.064,6,0,0,Default,02:47:34,1.076
,TRA00018632A,2025/04/30,02:48:14,02:48:27,02:48:16,1.747,10.920,889 x 70 x 15.3,XY1,.062,6,0,0,Default,02:48:15,.936
,TRA00018654A,2025/04/30,02:48:36,02:48:49,02:48:38,1.061,10.733,824 x 70 x 15.3,XY1,.058,6,0,0,Default,02:48:37,.936
,TRA00018623A,2025/04/30,02:48:56,02:49:10,02:48:59,2.434,10.982,1001 x 70 x 15.3,XY1,.070,6,0,0,Default,02:48:56,.811
,ROD00004884A,2025/04/30,02:49:19,02:49:44,02:49:26,5.741,18.158,1366.5 x 80 x 15.3,XY1,.109,8,0,0,Default,02:49:20,1.061
,AFA00004212A,2025/04/30,02:50:02,02:50:17,02:50:07,3.682,9.734,895 x 70 x 15.3,XY1,.063,2,0,0,Default,02:50:03,1.061
,TRA00018662A,2025/04/30,02:50:29,02:50:48,02:50:37,7.488,11.170,856 x 70 x 15.3,XY1,.060,6,0,0,Default,02:50:30,1.061
,TRA00018400A,2025/04/30,02:51:01,02:51:14,02:51:03,1.248,10.795,633 x 70 x 18.3,XY1,.044,2,0,0,Default,02:51:02,.811
,TRA00018615A,2025/04/30,02:51:32,02:51:46,02:51:35,2.933,11.045,939 x 70 x 15.3,XY1,.066,6,0,0,Default,02:51:32,.811
,TRA00018663A,2025/04/30,02:51:53,02:52:08,02:51:57,2.434,10.982,856 x 70 x 15.3,XY1,.060,6,0,0,Default,02:51:54,.952
,AFA00004208A,2025/04/30,02:55:14,02:55:41,02:55:23,8.174,17.550,1140 x 50 x 15.3,XY1,.057,5,0,0,Default,02:55:15,.952
,AFA00004208A,2025/04/30,02:55:47,02:56:08,02:55:50,2.184,18.236,1140 x 50 x 15.3,XY1,.057,5,0,0,Default,02:55:48,.686
,ROD00004884A,2025/04/30,02:56:18,02:56:35,02:56:20,1.498,14.102,1366.5 x 80 x 15.3,XY1,.109,8,0,0,Default,02:56:19,1.061
,TRA00018658A,2025/04/30,02:56:43,02:56:59,02:56:45,1.310,13.666,1169 x 70 x 15.3,XY1,.082,6,0,0,Default,02:56:44,.936
,TRA00018415A,2025/04/30,02:57:11,02:57:29,02:57:13,1.123,15.725,369 x 70 x 15.3,XY1,.026,6,0,0,Default,02:57:12,1.123
,GAV00042008A,2025/04/30,02:58:01,02:58:19,02:58:03,1.123,15.101,426 x 75.5 x 15.3,XY1,.032,8,0,0,Default,02:58:02,.998
,TRA00018658A,2025/04/30,02:58:25,02:58:39,02:58:27,1.123,11.232,1169 x 70 x 15.3,XY1,.082,6,0,0,Default,02:58:26,1.123
,TRA00018420A,2025/04/30,02:58:48,02:59:01,02:58:50,1.123,11.419,769 x 70 x 15.3,XY1,.054,6,0,0,Default,02:58:49,1.014
,GAV00042008A,2025/04/30,02:59:13,02:59:30,02:59:15,1.061,14.664,426 x 75.5 x 15.3,XY1,.032,8,0,0,Default,02:59:14,1.061
,ROD00004879A,2025/04/30,02:59:41,03:00:00,02:59:44,2.496,15.413,1450 x 80 x 15.3,XY1,.116,8,0,0,Default,02:59:42,.936
,ROD00004787A,2025/04/30,03:00:13,03:00:27,03:00:16,1.872,10.920,1240 x 80 x 15.3,XY1,.099,8,0,0,Default,03:00:14,.998
,ROD00004883A,2025/04/30,03:04:58,03:05:12,03:05:00,.874,11.482,428.5 x 80 x 15.3,XY1,.034,4,0,0,Default,03:04:59,1.264
,ROD00004883A,2025/04/30,03:05:18,03:05:32,03:05:21,1.186,11.497,428.5 x 80 x 15.3,XY1,.034,4,0,0,Default,03:05:19,1.014
,ROD00004894A,2025/04/30,03:05:37,03:05:49,03:05:41,2.371,8.549,565 x 80 x 15.3,XY1,.045,6,0,0,Default,03:05:38,1.061
,TRA00018610A,2025/04/30,03:05:57,03:06:10,03:05:59,.998,11.794,701.75 x 70 x 15.3,XY1,.049,8,0,0,Default,03:05:58,1.014
,TRA00018419A,2025/04/30,03:06:18,03:06:31,03:06:20,1.435,10.795,669 x 70 x 15.3,XY1,.047,6,0,0,Default,03:06:19,.936
,TRA00018612A,2025/04/30,03:06:37,03:06:51,03:06:39,.874,11.669,435 x 70 x 15.3,XY1,.030,8,0,0,Default,03:06:38,1.061
,GAV00042013A,2025/04/30,03:07:08,03:07:21,03:07:15,5.803,6.552,469 x 70 x 15.3,XY1,.033,3,0,0,Default,03:07:09,1.123
,TRA00018425A,2025/04/30,03:07:27,03:07:42,03:07:30,2.059,12.480,239 x 70 x 15.3,XY1,.017,6,0,0,Default,03:07:27,.936
,TRA00018489A,2025/04/30,03:07:49,03:08:01,03:07:51,1.186,10.499,465 x 70 x 15.3,XY1,.033,6,0,0,Default,03:07:50,.811
,GAV00042012A,2025/04/30,03:08:08,03:08:18,03:08:11,2.496,6.677,469 x 70 x 15.3,XY1,.033,3,0,0,Default,03:08:08,.811
,TRA00018610A,2025/04/30,03:08:25,03:08:42,03:08:28,1.747,13.868,701.75 x 70 x 15.3,XY1,.049,8,0,0,Default,03:08:26,.827
,AFA00004198A,2025/04/30,03:09:06,03:09:18,03:09:09,.936,9.235,570.75 x 70 x 15.3,XY1,.040,2,0,0,Default,03:09:08,1.264
,AFA00004207A,2025/04/30,03:09:22,03:09:35,03:09:25,2.309,9.376,754 x 70 x 15.3,XY1,.053,2,0,0,Default,03:09:23,.811
,TRA00018609A,2025/04/30,03:09:40,03:09:54,03:09:43,1.997,11.856,769 x 70 x 15.3,XY1,.054,8,0,0,Default,03:09:41,.811
,ROD00004787A,2025/04/30,03:10:00,03:10:15,03:10:04,2.870,11.045,1240 x 80 x 15.3,XY1,.099,8,0,0,Default,03:10:01,.811
,TRA00018610A,2025/04/30,03:10:24,03:10:39,03:10:27,1.872,12.605,701.75 x 70 x 15.3,XY1,.049,8,0,0,Default,03:10:25,.998
,TRA00018414A,2025/04/30,03:10:55,03:11:08,03:10:57,1.061,10.858,769 x 70 x 15.3,XY1,.054,6,0,0,Default,03:10:56,.936
,GAV00042061A,2025/04/30,03:11:18,03:11:37,03:11:21,1.560,16.224,852 x 75.5 x 15.3,XY1,.064,8,0,0,Default,03:11:19,.811
,TRA00018657A,2025/04/30,03:11:46,03:11:58,03:11:48,1.061,10.499,439 x 70 x 15.3,XY1,.031,6,0,0,Default,03:11:47,.952
,TRA00018628A,2025/04/30,03:12:17,03:12:40,03:12:19,1.435,20.592,219 x 70 x 15.3,XY1,.015,6,0,0,Default,03:12:18,.936
,TRA00018659A,2025/04/30,03:12:49,03:13:08,03:12:57,7.176,10.982,1026 x 70 x 15.3,XY1,.072,6,0,0,Default,03:12:50,.998
,TRA00018610A,2025/04/30,03:13:14,03:13:28,03:13:16,1.123,11.794,701.75 x 70 x 15.3,XY1,.049,8,0,0,Default,03:13:15,.811
,LAT00025318A,2025/04/30,03:14:46,03:15:18,03:14:54,7.238,23.650,670 x 450 x 15.3,XY1,.302,19,0,0,Default,03:14:47,1.560
,ROD00004903A,2025/04/30,03:21:06,03:21:20,03:21:09,.749,11.606,518.5 x 80 x 15.3,XY1,.041,4,0,0,Default,03:21:08,1.810
,ROD00004893A,2025/04/30,03:21:24,03:21:38,03:21:26,1.061,11.918,558.5 x 80 x 15.3,XY1,.045,4,0,0,Default,03:21:25,.936
,ROD00004893A,2025/04/30,03:21:43,03:21:57,03:21:45,1.498,11.731,558.5 x 80 x 15.3,XY1,.045,4,0,0,Default,03:21:44,.827
,TRA00018417A,2025/04/30,03:22:10,03:22:23,03:22:12,1.435,10.670,669 x 70 x 15.3,XY1,.047,6,0,0,Default,03:22:11,.936
,ROD00004903A,2025/04/30,03:22:27,03:22:41,03:22:29,1.123,11.669,518.5 x 80 x 15.3,XY1,.041,4,0,0,Default,03:22:28,.811
,AFA00004207A,2025/04/30,03:22:46,03:23:01,03:22:51,4.805,9.500,754 x 70 x 15.3,XY1,.053,2,0,0,Default,03:22:47,.827
,AFA00004198A,2025/04/30,03:23:08,03:23:19,03:23:10,.936,9.048,570.75 x 70 x 15.3,XY1,.040,2,0,0,Default,03:23:09,.998
,GAV00041990A,2025/04/30,03:23:28,03:23:46,03:23:30,1.061,15.538,546 x 95.5 x 15.3,XY1,.052,6,0,0,Default,03:23:29,.936
,GAV00042225A,2025/04/30,03:24:59,03:25:22,03:25:01,1.747,20.420,701 x 115.15 x 15.3,XY1,.081,10,0,0,Default,03:25:00,.811
,GAV00042225A,2025/04/30,03:25:51,03:26:14,03:25:54,1.373,19.984,701 x 115.15 x 15.3,XY1,.081,10,0,0,Default,03:25:52,.952
,TRA00018653A,2025/04/30,03:26:22,03:26:35,03:26:24,.874,10.483,577 x 70 x 15.3,XY1,.040,6,0,0,Default,03:26:23,.936
,TRA00018418A,2025/04/30,03:26:42,03:26:54,03:26:44,1.061,10.733,669 x 70 x 15.3,XY1,.047,6,0,0,Default,03:26:43,.936
,ROD00004903A,2025/04/30,03:26:59,03:27:12,03:27:01,1.186,11.731,518.5 x 80 x 15.3,XY1,.041,4,0,0,Default,03:27:00,.811
,AFA00004207A,2025/04/30,03:27:18,03:27:30,03:27:20,1.373,9.235,754 x 70 x 15.3,XY1,.053,2,0,0,Default,03:27:19,.811
,TRA00018421A,2025/04/30,03:27:39,03:27:52,03:27:41,.936,11.482,769 x 70 x 15.3,XY1,.054,6,0,0,Default,03:27:40,1.061
,AFA00004207A,2025/04/30,03:28:01,03:28:13,03:28:04,1.622,9.625,754 x 70 x 15.3,XY1,.053,2,0,0,Default,03:28:02,.811
,TRA00018630A,2025/04/30,03:28:24,03:28:37,03:28:26,1.498,10.795,889 x 70 x 15.3,XY1,.062,6,0,0,Default,03:28:25,.952
,TRA00018655A,2025/04/30,03:28:43,03:28:56,03:28:46,1.685,10.670,824 x 70 x 15.3,XY1,.058,6,0,0,Default,03:28:44,.686
,GAV00042062A,2025/04/30,03:29:05,03:29:21,03:29:07,1.310,13.354,852 x 75.5 x 15.3,XY1,.064,6,0,0,Default,03:29:06,1.123
,TRA00018625A,2025/04/30,03:29:25,03:29:39,03:29:28,1.810,11.045,1001 x 70 x 15.3,XY1,.070,6,0,0,Default,03:29:26,1.061
,TRA00018659A,2025/04/30,03:29:48,03:30:03,03:29:52,3.572,11.170,1026 x 70 x 15.3,XY1,.072,6,0,0,Default,03:29:49,.998
,GAV00042224A,2025/04/30,03:33:41,03:34:04,03:33:44,2.870,19.781,701 x 115.15 x 15.3,XY1,.081,10,0,0,Default,03:33:42,.686
,GAV00042004A,2025/04/30,03:34:49,03:35:10,03:34:53,2.246,17.347,711 x 95.5 x 15.3,XY1,.068,6,0,0,Default,03:34:51,1.310
,AFA00004200A,2025/04/30,03:36:06,03:36:22,03:36:09,2.621,12.106,700 x 50 x 15.3,XY1,.035,3,0,0,Default,03:36:07,.952
,AFA00004204A,2025/04/30,03:36:27,03:36:42,03:36:30,1.747,11.856,700 x 50 x 15.3,XY1,.035,3,0,0,Default,03:36:28,.936
,GAV00041999A,2025/04/30,03:36:54,03:37:11,03:36:57,1.622,14.664,527.75 x 95.5 x 15.3,XY1,.050,6,0,0,Default,03:36:55,.936
,GAV00041998A,2025/04/30,03:37:30,03:37:49,03:37:32,1.435,17.160,527.75 x 95.5 x 15.3,XY1,.050,8,0,0,Default,03:37:31,.811
,GAV00042228A,2025/04/30,03:37:58,03:38:20,03:38:00,1.622,19.781,701 x 115.15 x 15.3,XY1,.081,10,0,0,Default,03:37:59,.936
,GAV00042224A,2025/04/30,03:38:28,03:38:50,03:38:30,1.061,19.906,701 x 115.15 x 15.3,XY1,.081,10,0,0,Default,03:38:29,.952
,GAV00042053A,2025/04/30,03:38:57,03:39:16,03:38:59,.936,16.988,383 x 75.15 x 15.3,XY1,.029,6,0,0,Default,03:38:58,1.061
,GAV00041998A,2025/04/30,03:39:41,03:40:02,03:39:45,2.808,17.410,527.75 x 95.5 x 15.3,XY1,.050,8,0,0,Default,03:39:42,.936
,ROD00004888A,2025/04/30,03:40:08,03:40:21,03:40:10,.874,11.170,418.5 x 80 x 15.3,XY1,.033,4,0,0,Default,03:40:09,1.248
,ROD00004791A,2025/04/30,03:40:27,03:40:40,03:40:29,.874,11.435,403.5 x 80 x 15.3,XY1,.032,4,0,0,Default,03:40:28,.936
,GAV00042225A,2025/04/30,03:40:48,03:41:12,03:40:53,3.806,19.718,701 x 115.15 x 15.3,XY1,.081,10,0,0,Default,03:40:49,.686
,AFA00004198A,2025/04/30,03:41:18,03:41:29,03:41:20,1.061,8.861,570.75 x 70 x 15.3,XY1,.040,2,0,0,Default,03:41:19,.936
,GAV00041999A,2025/04/30,03:41:35,03:41:55,03:41:39,2.933,16.676,527.75 x 95.5 x 15.3,XY1,.050,6,0,0,Default,03:41:36,.811
,AFA00004198A,2025/04/30,03:42:01,03:42:12,03:42:03,1.123,9.048,570.75 x 70 x 15.3,XY1,.040,2,0,0,Default,03:42:02,.686
,ROD00004893A,2025/04/30,03:42:18,03:42:31,03:42:20,1.435,11.606,558.5 x 80 x 15.3,XY1,.045,4,0,0,Default,03:42:18,.577
,GAV00042224A,2025/04/30,03:42:44,03:43:06,03:42:47,2.122,19.406,701 x 115.15 x 15.3,XY1,.081,10,0,0,Default,03:42:45,.749
,ROD00004883A,2025/04/30,03:46:30,03:46:42,03:46:31,.749,11.170,428.5 x 80 x 15.3,XY1,.034,4,0,0,Default,03:46:31,.936
,ROD00004898A,2025/04/30,03:53:14,03:53:29,03:53:17,2.059,11.482,498.5 x 80 x 15.3,XY1,.040,4,0,0,Default,03:53:15,.811
,ROD00004888A,2025/04/30,03:53:35,03:53:48,03:53:36,.998,11.357,418.5 x 80 x 15.3,XY1,.033,4,0,0,Default,03:53:35,.811
,ROD00004893A,2025/04/30,03:53:54,03:54:08,03:53:57,1.747,11.606,558.5 x 80 x 15.3,XY1,.045,4,0,0,Default,03:53:55,1.123
,ROD00004898A,2025/04/30,03:54:14,03:54:28,03:54:17,1.310,11.606,498.5 x 80 x 15.3,XY1,.040,4,0,0,Default,03:54:15,.936
,GAV00042008A,2025/04/30,03:54:46,03:55:05,03:54:49,1.872,15.974,426 x 75.5 x 15.3,XY1,.032,8,0,0,Default,03:54:47,.686
,GAV00042008A,2025/04/30,03:55:19,03:55:36,03:55:22,1.123,14.602,426 x 75.5 x 15.3,XY1,.032,8,0,0,Default,03:55:20,1.123
,GAV00042013A,2025/04/30,03:55:47,03:55:55,03:55:48,.874,6.552,469 x 70 x 15.3,XY1,.033,3,0,0,Default,03:55:48,.811
,AFA00004204A,2025/04/30,03:56:04,03:56:19,03:56:07,2.746,11.794,700 x 50 x 15.3,XY1,.035,3,0,0,Default,03:56:04,.936
,ROD00004903A,2025/04/30,03:56:25,03:56:39,03:56:27,1.123,11.544,518.5 x 80 x 15.3,XY1,.041,4,0,0,Default,03:56:26,.936
,ROD00004926A,2025/04/30,03:56:45,03:56:58,03:56:47,1.310,11.419,484 x 80 x 15.3,XY1,.039,4,0,0,Default,03:56:46,.936
,ROD00004926A,2025/04/30,03:57:04,03:57:18,03:57:06,1.123,11.482,484 x 80 x 15.3,XY1,.039,4,0,0,Default,03:57:05,.811
,ROD00004926A,2025/04/30,03:57:24,03:57:37,03:57:26,1.435,11.357,484 x 80 x 15.3,XY1,.039,4,0,0,Default,03:57:24,.936
,GAV00041999A,2025/04/30,03:57:46,03:58:03,03:57:48,1.186,15.163,527.75 x 95.5 x 15.3,XY1,.050,6,0,0,Default,03:57:47,.936
,AFA00004198A,2025/04/30,03:58:11,03:58:22,03:58:13,1.435,8.923,570.75 x 70 x 15.3,XY1,.040,2,0,0,Default,03:58:12,.827
,GAV00042012A,2025/04/30,03:58:29,03:58:38,03:58:31,.874,6.568,469 x 70 x 15.3,XY1,.033,3,0,0,Default,03:58:30,.811
,TRA00018416A,2025/04/30,03:58:45,03:58:58,03:58:47,1.560,10.483,569 x 70 x 15.3,XY1,.040,6,0,0,Default,03:58:46,.936
,GAV00041998A,2025/04/30,04:05:33,04:05:54,04:05:36,2.184,17.347,527.75 x 95.5 x 15.3,XY1,.050,8,0,0,Default,04:05:34,.702
,GAV00041998A,2025/04/30,04:05:59,04:06:21,04:06:03,3.245,17.722,527.75 x 95.5 x 15.3,XY1,.050,8,0,0,Default,04:06:00,1.061
,ROD00004791A,2025/04/30,04:06:28,04:06:42,04:06:30,1.310,11.497,403.5 x 80 x 15.3,XY1,.032,4,0,0,Default,04:06:29,.998
,TRA00018613A,2025/04/30,04:11:32,04:11:49,04:11:37,4.181,11.794,469 x 70 x 15.3,XY1,.033,6,0,0,Default,04:11:33,1.014
,ROD00004791A,2025/04/30,04:12:10,04:12:24,04:12:12,1.622,11.248,403.5 x 80 x 15.3,XY1,.032,4,0,0,Default,04:12:11,.952
,GAV00041999A,2025/04/30,04:19:04,04:19:24,04:19:07,2.496,16.848,527.75 x 95.5 x 15.3,XY1,.050,6,0,0,Default,04:19:05,.936
,ROD00004878A,2025/04/30,04:19:38,04:19:52,04:19:40,.811,12.293,358.5 x 80 x 15.3,XY1,.029,4,0,0,Default,04:19:39,1.061
,ROD00004888A,2025/04/30,04:19:58,04:20:13,04:20:01,1.747,12.230,418.5 x 80 x 15.3,XY1,.033,4,0,0,Default,04:19:59,.827
,ROD00004878A,2025/04/30,04:20:19,04:20:33,04:20:21,1.123,12.230,358.5 x 80 x 15.3,XY1,.029,4,0,0,Default,04:20:20,.889
,TRA00018608A,2025/04/30,04:20:45,04:20:58,04:20:46,.998,11.606,589 x 70 x 15.3,XY1,.041,6,0,0,Default,04:20:45,.811
,GAV00042052A,2025/04/30,04:21:03,04:21:23,04:21:07,2.808,16.099,383 x 75.15 x 15.3,XY1,.029,6,0,0,Default,04:21:04,.936
,GAV00042052A,2025/04/30,04:21:27,04:21:48,04:21:32,3.494,16.052,383 x 75.15 x 15.3,XY1,.029,6,0,0,Default,04:21:28,.811
,TRA00018622A,2025/04/30,04:21:58,04:22:14,04:22:01,1.934,12.480,789 x 70 x 15.3,XY1,.055,6,0,0,Default,04:21:59,.811
,ROD00004874A,2025/04/30,04:22:23,04:22:41,04:22:26,1.186,15.366,800 x 80 x 15.3,XY1,.064,6,0,0,Default,04:22:25,1.061
,TRA00018652A,2025/04/30,04:22:49,04:23:03,04:22:51,.936,11.684,577 x 70 x 15.3,XY1,.040,6,0,0,Default,04:22:50,1.186
,TRA00018612A,2025/04/30,04:23:10,04:23:25,04:23:12,.998,12.605,435 x 70 x 15.3,XY1,.030,8,0,0,Default,04:23:11,.889
,TRA00018676A,2025/04/30,04:23:32,04:23:47,04:23:34,1.310,12.355,757 x 70 x 15.3,XY1,.053,6,0,0,Default,04:23:33,1.123
,TRA00018619A,2025/04/30,04:23:53,04:24:07,04:23:55,1.310,12.043,705 x 70 x 15.3,XY1,.049,6,0,0,Default,04:23:54,1.061
,GAV00042004A,2025/04/30,04:24:14,04:24:35,04:24:17,1.934,17.971,711 x 95.5 x 15.3,XY1,.068,6,0,0,Default,04:24:15,.811
,AFA00004212A,2025/04/30,04:24:42,04:24:57,04:24:45,1.310,11.918,895 x 70 x 15.3,XY1,.063,2,0,0,Default,04:24:43,.811
,ROD00004791A,2025/04/30,04:25:10,04:25:25,04:25:12,.874,12.355,403.5 x 80 x 15.3,XY1,.032,4,0,0,Default,04:25:11,.936
,GAV00042053A,2025/04/30,04:25:31,04:25:49,04:25:32,1.014,16.099,383 x 75.15 x 15.3,XY1,.029,6,0,0,Default,04:25:31,.811
,TRA00018650A,2025/04/30,04:25:54,04:26:08,04:25:56,1.061,12.043,718 x 70 x 15.3,XY1,.050,6,0,0,Default,04:25:55,.936
,ROD00004791A,2025/04/30,04:26:14,04:26:29,04:26:16,1.123,12.418,403.5 x 80 x 15.3,XY1,.032,4,0,0,Default,04:26:15,.936
,TRA00018488A,2025/04/30,04:30:24,04:30:38,04:30:27,1.872,11.606,465 x 70 x 15.3,XY1,.033,6,0,0,Default,04:30:25,.998
,GAV00042229A,2025/04/30,04:30:45,04:31:16,04:30:48,1.310,28.704,701 x 115.15 x 15.3,XY1,.081,10,0,0,Default,04:30:46,.952
,AFA00004198A,2025/04/30,04:31:24,04:31:38,04:31:27,2.309,10.046,570.75 x 70 x 15.3,XY1,.040,2,0,0,Default,04:31:25,1.061
,GAV00042004A,2025/04/30,04:31:44,04:32:04,04:31:46,1.373,17.222,711 x 95.5 x 15.3,XY1,.068,6,0,0,Default,04:31:45,.952
,TRA00018651A,2025/04/30,04:32:10,04:32:23,04:32:12,.998,11.232,501 x 70 x 15.3,XY1,.035,6,0,0,Default,04:32:11,.936
,GAV00042210A,2025/04/30,04:32:30,04:32:53,04:32:32,1.310,21.154,671.44 x 115.15 x 15.3,XY1,.077,10,0,0,Default,04:32:31,1.076
,GAV00042208A,2025/04/30,04:33:03,04:33:37,04:33:13,9.485,23.525,450 x 140 x 15.3,XY1,.063,9,1,0,Default,04:33:04,.827
,GAV00042212A,2025/04/30,04:34:10,04:34:36,04:34:13,1.310,23.462,450 x 140 x 15.3,XY1,.063,9,1,0,Default,04:34:11,1.061
,GAV00042218A,2025/04/30,04:35:03,04:35:26,04:35:05,1.061,21.232,671.06 x 115.15 x 15.3,XY1,.077,10,0,0,Default,04:35:04,1.373
,GAV00042214A,2025/04/30,04:35:33,04:36:01,04:35:36,1.560,25.397,671.44 x 115.15 x 15.3,XY1,.077,10,0,0,Default,04:35:34,1.061
,GAV00041569A,2025/04/30,04:36:09,04:36:41,04:36:13,2.808,28.392,183 x 95.15 x 15.3,XY1,.017,6,0,0,Default,04:36:10,.952
,GAV00041569A,2025/04/30,04:36:48,04:37:20,04:36:51,2.870,28.454,183 x 95.15 x 15.3,XY1,.017,6,0,0,Default,04:36:49,.749
,GAV00041569A,2025/04/30,04:37:27,04:38:00,04:37:31,3.370,28.205,183 x 95.15 x 15.3,XY1,.017,6,0,0,Default,04:37:28,.936
,GAV00041569A,2025/04/30,04:38:05,04:38:36,04:38:08,2.059,28.205,183 x 95.15 x 15.3,XY1,.017,6,0,0,Default,04:38:06,1.061
,GAV00041570A,2025/04/30,04:38:42,04:39:13,04:38:44,1.685,28.158,183 x 95.15 x 15.3,XY1,.017,6,0,0,Default,04:38:43,1.014
,GAV00041570A,2025/04/30,04:39:18,04:39:49,04:39:21,1.498,28.080,183 x 95.15 x 15.3,XY1,.017,6,0,0,Default,04:39:19,.936
,ROD00004878A,2025/04/30,04:39:56,04:40:10,04:39:58,1.435,12.121,358.5 x 80 x 15.3,XY1,.029,4,0,0,Default,04:39:57,.952
,GAV00042000A,2025/04/30,04:40:21,04:40:42,04:40:23,1.310,18.408,400 x 120 x 15.3,XY1,.048,4,1,0,Default,04:40:22,1.014
,GAV00042000A,2025/04/30,04:41:13,04:41:34,04:41:15,.874,18.595,400 x 120 x 15.3,XY1,.048,4,1,0,Default,04:41:14,1.123
,GAV00042219A,2025/04/30,04:42:04,04:42:27,04:42:06,1.123,21.216,671.06 x 115.15 x 15.3,XY1,.077,10,0,0,Default,04:42:05,1.123
,FRE00007200A,2025/04/30,04:43:40,04:43:56,04:43:45,3.182,11.170,707 x 418 x 18.3,XY1,.296,6,0,0,Default,04:43:42,1.685
,ROD00004791A,2025/04/30,04:46:50,04:47:05,04:46:53,1.061,12.246,403.5 x 80 x 15.3,XY1,.032,4,0,0,Default,04:46:52,1.700
,ROD00004791A,2025/04/30,04:47:22,04:47:39,04:47:24,1.435,15.304,403.5 x 80 x 15.3,XY1,.032,4,0,0,Default,04:47:22,.827
,AFA00004199A,2025/04/30,04:47:44,04:48:03,04:47:50,5.242,12.854,700 x 50 x 15.3,XY1,.035,3,0,0,Default,04:47:45,.624
,AFA00004203A,2025/04/30,04:48:07,04:48:23,04:48:10,1.560,12.995,700 x 50 x 15.3,XY1,.035,3,0,0,Default,04:48:08,.998
,AFA00004200A,2025/04/30,04:48:29,04:48:45,04:48:32,1.934,13.104,700 x 50 x 15.3,XY1,.035,3,0,0,Default,04:48:30,.936
,AFA00004203A,2025/04/30,04:48:50,04:49:06,04:48:54,2.621,12.917,700 x 50 x 15.3,XY1,.035,3,0,0,Default,04:48:51,.811
,AFA00004199A,2025/04/30,04:49:13,04:49:28,04:49:15,1.560,12.854,700 x 50 x 15.3,XY1,.035,3,0,0,Default,04:49:13,.811
,ROD00004883A,2025/04/30,04:49:34,04:49:49,04:49:36,1.061,13.120,428.5 x 80 x 15.3,XY1,.034,4,0,0,Default,04:49:35,.936
,GAV00042003A,2025/04/30,04:50:09,04:50:30,04:50:11,1.747,19.110,711 x 95.5 x 15.3,XY1,.068,8,0,0,Default,04:50:09,.702
,TRA00018609A,2025/04/30,04:50:39,04:51:00,04:50:46,6.490,13.478,769 x 70 x 15.3,XY1,.054,8,0,0,Default,04:50:40,1.186
,ROD00004888A,2025/04/30,04:51:11,04:51:25,04:51:13,.874,12.355,418.5 x 80 x 15.3,XY1,.033,4,0,0,Default,04:51:12,1.248
,GAV00042053A,2025/04/30,04:51:30,04:51:49,04:51:33,2.309,16.037,383 x 75.15 x 15.3,XY1,.029,6,0,0,Default,04:51:31,.811
,ROD00004791A,2025/04/30,04:51:54,04:52:08,04:51:55,.998,12.293,403.5 x 80 x 15.3,XY1,.032,4,0,0,Default,04:51:54,.811
,ROD00004898A,2025/04/30,04:52:12,04:52:26,04:52:13,.998,12.558,498.5 x 80 x 15.3,XY1,.040,4,0,0,Default,04:52:12,.686
,GAV00042046A,2025/04/30,04:52:31,04:52:59,04:52:37,6.053,21.466,782 x 115.5 x 15.3,XY1,.090,10,0,0,Default,04:52:31,.811
,GAV00042003A,2025/04/30,04:53:12,04:53:33,04:53:14,1.248,18.970,711 x 95.5 x 15.3,XY1,.068,8,0,0,Default,04:53:13,.998
,GAV00042220A,2025/04/30,04:57:21,04:57:45,04:57:25,2.558,20.904,671.06 x 115.15 x 15.3,XY1,.077,10,0,0,Default,04:57:22,1.061
,GAV00042208A,2025/04/30,04:57:58,04:58:23,04:58:00,.998,23.353,450 x 140 x 15.3,XY1,.063,9,1,0,Default,04:57:59,1.123
,GAV00042215A,2025/04/30,04:58:45,04:59:08,04:58:47,.749,20.966,671.44 x 115.15 x 15.3,XY1,.077,10,0,0,Default,04:58:46,1.248
,GAV00042214A,2025/04/30,04:59:15,04:59:38,04:59:17,.936,21.653,671.44 x 115.15 x 15.3,XY1,.077,10,0,0,Default,04:59:16,1.123
,AFA00004198A,2025/04/30,18:48:44,18:48:59,18:48:48,1.560,10.234,570.75 x 70 x 15.3,XY1,.040,2,0,0,Default,18:48:47,3.011
,GAV00042052A,2025/04/30,18:49:06,18:49:25,18:49:10,2.496,15.787,383 x 75.15 x 15.3,XY1,.029,6,0,0,Default,18:49:07,.936
,ROD00004894A,2025/04/30,18:49:31,18:49:44,18:49:34,1.872,9.610,565 x 80 x 15.3,XY1,.045,6,0,0,Default,18:49:32,.811
,AFA00004198A,2025/04/30,18:49:51,18:50:04,18:49:53,1.123,10.234,570.75 x 70 x 15.3,XY1,.040,2,0,0,Default,18:49:52,1.139
,TRA00018449A,2025/04/30,18:50:13,18:50:28,18:50:16,2.059,11.482,413 x 70 x 18.3,XY1,.029,6,0,0,Default,18:50:14,.936
,GAV00041932A,2025/04/30,18:50:44,18:51:05,18:50:46,1.310,18.346,390 x 120 x 15.3,XY1,.047,4,1,0,Default,18:50:45,1.061
,GAV00042220A,2025/04/30,18:51:43,18:52:07,18:51:46,1.622,21.216,671.06 x 115.15 x 15.3,XY1,.077,10,0,0,Default,18:51:44,1.248
,GAV00042212A,2025/04/30,18:52:16,18:52:55,18:52:31,14.290,23.462,450 x 140 x 15.3,XY1,.063,9,1,0,Default,18:52:17,1.061
,ROD00004926A,2025/04/30,18:53:33,18:53:51,18:53:35,1.310,15.413,484 x 80 x 15.3,XY1,.039,4,0,0,Default,18:53:34,1.373
,ROD00004926A,2025/04/30,18:54:04,18:54:19,18:54:06,1.310,12.542,484 x 80 x 15.3,XY1,.039,4,0,0,Default,18:54:05,.811
,GAV00042212A,2025/04/30,18:54:36,18:55:02,18:54:39,1.435,23.587,450 x 140 x 15.3,XY1,.063,9,1,0,Default,18:54:37,1.014
,GAV00042213A,2025/04/30,18:55:42,18:56:16,18:55:54,11.045,21.356,450 x 140 x 15.3,XY1,.063,9,1,0,Default,18:55:43,1.373
,GAV00042212A,2025/04/30,18:57:05,18:57:32,18:57:08,1.747,23.790,450 x 140 x 15.3,XY1,.063,9,1,0,Default,18:57:06,.936
,GAV00042213A,2025/04/30,18:58:22,18:58:53,18:58:32,8.237,21.778,450 x 140 x 15.3,XY1,.063,9,1,0,Default,18:58:23,1.435
,GAV00042213A,2025/04/30,18:59:22,18:59:58,18:59:37,13.104,21.590,450 x 140 x 15.3,XY1,.063,9,1,0,Default,18:59:24,1.310
,GAV00042213A,2025/04/30,19:00:40,19:01:04,19:00:43,1.622,21.419,450 x 140 x 15.3,XY1,.063,9,1,0,Default,19:00:41,1.388
,ROD00004924A,2025/04/30,19:04:07,19:05:06,19:04:32,23.899,33.571,1784 x 64.5 x 15.3,XY1,.115,13,0,0,Default,19:04:08,1.248
,ROD00004924A,2025/04/30,19:05:14,19:05:52,19:05:19,3.806,33.634,1784 x 64.5 x 15.3,XY1,.115,13,0,0,Default,19:05:15,.936
,ROD00004921A,2025/04/30,19:06:12,19:06:37,19:06:17,4.118,19.469,1784 x 80 x 15.3,XY1,.143,10,0,0,Default,19:06:13,1.061
,ROD00004921A,2025/04/30,19:06:46,19:07:12,19:06:51,3.245,21.294,1784 x 80 x 15.3,XY1,.143,10,0,0,Default,19:06:47,1.061
,ROD00004925A,2025/04/30,19:08:21,19:08:49,19:08:27,5.242,21.715,1784 x 80 x 15.3,XY1,.143,9,0,0,Default,19:08:22,1.076
,ROD00004925A,2025/04/30,19:09:50,19:10:22,19:10:00,8.486,22.339,1784 x 80 x 15.3,XY1,.143,9,0,0,Default,19:09:51,1.139
,ROD00004879A,2025/04/30,19:11:56,19:12:19,19:12:01,3.245,18.907,1450 x 80 x 15.3,XY1,.116,8,0,0,Default,19:11:57,1.061
,TRA00018677A,2025/04/30,19:18:27,19:18:43,19:18:31,2.621,12.293,757 x 70 x 15.3,XY1,.053,6,0,0,Default,19:18:28,1.139
,TRA00018621A,2025/04/30,19:18:50,19:19:05,19:18:53,1.498,12.230,789 x 70 x 15.3,XY1,.055,6,0,0,Default,19:18:51,.936
,TRA00018624A,2025/04/30,19:19:12,19:19:28,19:19:15,2.184,12.542,1001 x 70 x 15.3,XY1,.070,6,0,0,Default,19:19:13,1.076
,TRA00018620A,2025/04/30,19:19:36,19:19:52,19:19:40,2.621,12.355,794.5 x 70 x 15.3,XY1,.056,6,0,0,Default,19:19:37,.936
,TRA00018611A,2025/04/30,19:20:00,19:20:18,19:20:03,2.184,14.726,885 x 70 x 15.3,XY1,.062,8,0,0,Default,19:20:01,.936
,PAI00146489A,2025/04/30,19:21:58,19:22:30,19:22:19,18.658,10.920,540 x 518 x 15.3,XY1,.280,6,0,0,Default,19:22:00,1.934
,PAI00146491A,2025/04/30,19:22:42,19:23:03,19:22:55,13.166,7.550,518 x 509 x 15.3,XY1,.264,2,0,0,Default,19:22:42,.749
,GAV00041927A,2025/04/30,19:26:56,19:27:17,19:26:59,1.248,18.658,390 x 120 x 15.3,XY1,.047,4,1,0,Default,19:26:58,1.560
,GAV00041937A,2025/04/30,19:27:56,19:28:17,19:27:58,1.123,18.548,390 x 120 x 15.3,XY1,.047,4,1,0,Default,19:27:57,1.139
,GAV00041931A,2025/04/30,19:29:01,19:29:22,19:29:03,1.310,18.595,390 x 120 x 15.3,XY1,.047,4,1,0,Default,19:29:02,1.139
,GAV00042209A,2025/04/30,19:29:59,19:30:23,19:30:01,.749,21.528,450 x 140 x 15.3,XY1,.063,9,1,0,Default,19:30:00,1.373
,GAV00041926A,2025/04/30,19:31:05,19:31:25,19:31:07,.936,18.408,390 x 120 x 15.3,XY1,.047,4,1,0,Default,19:31:06,1.061
,GAV00041936A,2025/04/30,19:31:56,19:32:17,19:31:58,.998,18.408,390 x 120 x 15.3,XY1,.047,4,1,0,Default,19:31:57,1.139
,GAV00042212A,2025/04/30,19:32:54,19:33:20,19:32:56,1.373,23.774,450 x 140 x 15.3,XY1,.063,9,1,0,Default,19:32:55,1.076
,GAV00042213A,2025/04/30,19:33:53,19:34:17,19:33:55,.749,21.528,450 x 140 x 15.3,XY1,.063,9,1,0,Default,19:33:54,1.248
,GAV00042213A,2025/04/30,19:34:58,19:35:22,19:35:00,1.186,21.653,450 x 140 x 15.3,XY1,.063,9,1,0,Default,19:34:59,1.248
,GAV00042209A,2025/04/30,19:36:05,19:36:29,19:36:07,1.061,21.528,450 x 140 x 15.3,XY1,.063,9,1,0,Default,19:36:06,1.373
,TRA00018065A,2025/04/30,19:39:15,19:39:30,19:39:21,4.056,9.797,563 x 70 x 18.3,XY1,.039,2,0,0,Default,19:39:17,1.310
,BAS00019581A,2025/04/30,19:40:44,19:41:14,19:40:46,1.373,27.893,569 x 319 x 15.3,XY1,.182,8,0,0,Default,19:40:45,1.388
,BAS00019581A,2025/04/30,19:41:22,19:41:54,19:41:25,1.498,29.266,569 x 319 x 15.3,XY1,.182,8,0,0,Default,19:41:23,1.373
,BAS00019054A,2025/04/30,19:42:53,19:43:29,19:43:04,10.046,24.586,853 x 574 x 15.3,XY1,.490,14,0,0,Default,19:42:54,1.576
,GAV00042212A,2025/04/30,19:48:13,19:48:50,19:48:26,11.107,23.712,450 x 140 x 15.3,XY1,.063,9,1,0,Default,19:48:15,1.934
,GAV00042214A,2025/04/30,19:49:31,19:49:55,19:49:34,1.248,21.044,671.44 x 115.15 x 15.3,XY1,.077,10,0,0,Default,19:49:33,1.201
,GAV00042215A,2025/04/30,19:50:04,19:50:28,19:50:07,1.622,21.278,671.44 x 115.15 x 15.3,XY1,.077,10,0,0,Default,19:50:05,.936
,GAV00042211A,2025/04/30,19:50:36,19:51:00,19:50:39,1.934,20.904,671.44 x 115.15 x 15.3,XY1,.077,10,0,0,Default,19:50:37,.952
,GAV00042215A,2025/04/30,19:51:08,19:51:32,19:51:11,2.184,21.154,671.44 x 115.15 x 15.3,XY1,.077,10,0,0,Default,19:51:09,1.061
,GAV00042219A,2025/04/30,19:51:38,19:52:01,19:51:40,.998,20.857,671.06 x 115.15 x 15.3,XY1,.077,10,0,0,Default,19:51:39,.936
,GAV00042217A,2025/04/30,19:52:11,19:52:36,19:52:14,2.246,21.778,671.06 x 115.15 x 15.3,XY1,.077,10,0,0,Default,19:52:12,1.061
,GAV00042219A,2025/04/30,19:52:43,19:53:06,19:52:45,.998,21.466,671.06 x 115.15 x 15.3,XY1,.077,10,0,0,Default,19:52:44,.936
,GAV00042220A,2025/04/30,19:53:14,19:53:37,19:53:16,1.622,21.169,671.06 x 115.15 x 15.3,XY1,.077,10,0,0,Default,19:53:15,.936
,DIV00003639A,2025/04/30,19:57:18,19:57:46,19:57:26,7.051,19.594,572.5 x 102 x 18.3,XY1,.058,9,0,0,Default,19:57:19,1.498
,ROD00004839A,2025/04/30,20:12:22,20:12:38,20:12:25,1.622,12.667,544.5 x 80 x 18.3,XY1,.044,4,0,0,Default,20:12:23,1.186
,ROD00004839A,2025/04/30,20:15:17,20:15:31,20:15:18,.624,12.542,544.5 x 80 x 18.3,XY1,.044,4,0,0,Default,20:15:18,.952
,ROD00004839A,2025/04/30,20:15:37,20:15:56,20:15:39,.998,17.035,544.5 x 80 x 18.3,XY1,.044,4,0,0,Default,20:15:38,.936
,ROD00004839A,2025/04/30,20:16:15,20:16:29,20:16:17,.749,12.792,544.5 x 80 x 18.3,XY1,.044,4,0,0,Default,20:16:16,.936
,GAV00041867A,2025/04/30,20:16:48,20:17:25,20:16:50,1.560,34.398,390 x 92.75 x 18.3,XY1,.036,4,3,0,Default,20:16:49,1.123
,TRA00018399A,2025/04/30,20:18:24,20:18:40,20:18:30,3.806,10.608,633 x 70 x 18.3,XY1,.044,2,0,0,Default,20:18:26,1.373
,ROD00004839A,2025/04/30,20:18:47,20:19:06,20:18:50,1.560,15.850,544.5 x 80 x 18.3,XY1,.044,4,0,0,Default,20:18:48,.686
,TRA00018545A,2025/04/30,20:19:14,20:19:25,20:19:15,.749,9.859,426 x 70 x 18.3,XY1,.030,2,0,0,Default,20:19:14,.827
,ROD00004839A,2025/04/30,20:19:32,20:19:46,20:19:33,.874,12.605,544.5 x 80 x 18.3,XY1,.044,4,0,0,Default,20:19:32,.811
,ROD00004839A,2025/04/30,20:19:52,20:20:06,20:19:54,1.310,12.542,544.5 x 80 x 18.3,XY1,.044,4,0,0,Default,20:19:53,.827
,ROD00004839A,2025/04/30,20:20:12,20:20:27,20:20:14,.998,12.542,544.5 x 80 x 18.3,XY1,.044,4,0,0,Default,20:20:13,.936
,TRA00018566A,2025/04/30,20:20:33,20:20:51,20:20:38,3.619,13.728,843.5 x 70 x 18.3,XY1,.059,2,0,0,Default,20:20:34,.936
,TRA00018565A,2025/04/30,20:21:06,20:21:21,20:21:10,2.746,10.670,843.5 x 70 x 18.3,XY1,.059,2,0,0,Default,20:21:07,.811
,TRA00018563A,2025/04/30,20:21:27,20:21:42,20:21:31,2.808,10.858,843.5 x 70 x 18.3,XY1,.059,2,0,0,Default,20:21:28,.936
,TRA00018547A,2025/04/30,20:21:48,20:22:09,20:21:57,8.362,11.372,982.5 x 70 x 18.3,XY1,.069,2,0,0,Default,20:21:49,.874
,BAS00019581A,2025/04/30,20:25:30,20:26:05,20:25:50,19.282,14.914,569 x 319 x 15.3,XY1,.182,0,1,0,Default,20:25:31,.686
,BAS00019581A,2025/04/30,20:27:13,20:27:27,20:27:15,1.061,12.230,569 x 319 x 15.3,XY1,.182,0,1,0,Default,20:27:14,1.123
,BAS00019054A,2025/04/30,20:28:16,20:28:47,20:28:31,13.541,15.725,853 x 574 x 15.3,XY1,.490,0,1,0,Default,20:28:18,1.498
,TRA00018617A,2025/04/30,20:31:45,20:32:02,20:31:50,3.120,11.606,481.5 x 70 x 15.3,XY1,.034,6,0,0,Default,20:31:47,1.934
,GAV00041858A,2025/04/30,20:32:07,20:32:26,20:32:09,.998,16.349,377 x 68.25 x 18.3,XY1,.026,6,0,0,Default,20:32:08,.936
,TRA00018546A,2025/04/30,20:32:31,20:32:43,20:32:33,1.560,9.797,426 x 70 x 18.3,XY1,.030,2,0,0,Default,20:32:31,.811
,TRA00018553A,2025/04/30,20:32:54,20:33:11,20:33:00,5.117,10.171,533 x 70 x 18.3,XY1,.037,2,0,0,Default,20:32:55,.936
,GAV00041859A,2025/04/30,20:33:27,20:33:47,20:33:29,1.810,17.800,377 x 68.25 x 18.3,XY1,.026,8,0,0,Default,20:33:28,1.061
,TRA00018560A,2025/04/30,20:33:54,20:34:08,20:33:57,2.122,11.123,843 x 70 x 18.3,XY1,.059,2,0,0,Default,20:33:55,.998
,TRA00018564A,2025/04/30,20:34:15,20:34:28,20:34:17,1.747,11.045,843.5 x 70 x 18.3,XY1,.059,2,0,0,Default,20:34:15,.827
,TRA00018562A,2025/04/30,20:34:35,20:34:50,20:34:39,2.621,10.920,844 x 70 x 18.3,XY1,.059,2,0,0,Default,20:34:36,.811
,TRA00018669A,2025/04/30,20:35:00,20:35:17,20:35:04,2.621,13.229,961 x 70 x 18.3,XY1,.067,2,0,0,Default,20:35:01,.936
,TRA00018561A,2025/04/30,20:35:25,20:35:39,20:35:28,2.621,11.107,844 x 70 x 18.3,XY1,.059,2,0,0,Default,20:35:26,1.076
,TRA00018550A,2025/04/30,20:35:47,20:36:08,20:35:56,7.862,11.794,963 x 70 x 18.3,XY1,.067,2,0,0,Default,20:35:48,.811
,TRA00018555A,2025/04/30,20:36:17,20:36:40,20:36:22,4.618,17.784,963 x 70 x 18.3,XY1,.067,2,0,0,Default,20:36:18,.811
,GAV00041864A,2025/04/30,20:37:24,20:37:43,20:37:26,1.248,17.347,377 x 68.25 x 18.3,XY1,.026,8,0,0,Default,20:37:25,1.123
,TRA00018559A,2025/04/30,20:37:51,20:38:06,20:37:55,2.246,11.107,843 x 70 x 18.3,XY1,.059,2,0,0,Default,20:37:52,.998
,TRA00018543A,2025/04/30,20:38:13,20:38:26,20:38:15,1.123,10.670,773 x 70 x 18.3,XY1,.054,2,0,0,Default,20:38:14,.952
,ROD00004836A,2025/04/30,20:38:43,20:38:59,20:38:47,2.371,12.230,1112 x 80 x 18.3,XY1,.089,8,0,0,Default,20:38:44,.936
,AFA00004194A,2025/04/30,20:40:29,20:40:44,20:40:32,1.435,11.918,350 x 50 x 15.3,XY1,.018,2,0,0,Default,20:40:30,1.248
,AFA00004195A,2025/04/30,20:40:48,20:41:03,20:40:51,2.059,11.794,350 x 50 x 15.3,XY1,.018,2,0,0,Default,20:40:49,.811
,AFA00004194A,2025/04/30,20:41:07,20:41:21,20:41:09,1.373,11.809,350 x 50 x 15.3,XY1,.018,2,0,0,Default,20:41:08,.827
,GAV00041924A,2025/04/30,20:41:41,20:42:16,20:41:44,2.059,32.573,207 x 95.5 x 15.3,XY1,.020,8,0,0,Default,20:41:42,.936
,GAV00041929A,2025/04/30,20:42:32,20:43:07,20:42:35,1.435,32.448,207 x 95.5 x 15.3,XY1,.020,8,0,0,Default,20:42:34,1.123
,GAV00041925A,2025/04/30,20:43:17,20:43:48,20:43:19,1.061,28.642,207 x 95.5 x 15.3,XY1,.020,6,0,0,Default,20:43:18,1.061
,GAV00041935A,2025/04/30,20:43:54,20:44:25,20:43:56,1.186,28.954,207 x 95.5 x 15.3,XY1,.020,6,0,0,Default,20:43:55,.936
,GAV00041930A,2025/04/30,20:44:29,20:45:01,20:44:32,1.997,28.891,207 x 95.5 x 15.3,XY1,.020,6,0,0,Default,20:44:30,.811
,TRA00018424A,2025/04/30,20:45:06,20:45:22,20:45:09,1.435,13.104,239 x 70 x 15.3,XY1,.017,6,0,0,Default,20:45:07,.811
,GAV00041861A,2025/04/30,20:45:38,20:46:13,20:45:40,.998,33.072,390 x 92.75 x 18.3,XY1,.036,4,3,0,Default,20:45:39,.936
,GAV00041866A,2025/04/30,20:47:09,20:47:45,20:47:12,1.123,33.072,390 x 92.75 x 18.3,XY1,.036,4,3,0,Default,20:47:10,1.061
,ROD00004836A,2025/04/30,20:49:30,20:49:47,20:49:35,4.618,12.230,1112 x 80 x 18.3,XY1,.089,8,0,0,Default,20:49:31,1.014
,ROD00004836A,2025/04/30,20:49:54,20:50:09,20:49:57,1.560,12.230,1112 x 80 x 18.3,XY1,.089,8,0,0,Default,20:49:55,1.123
,TRA00018555A,2025/04/30,20:50:18,20:50:35,20:50:23,4.056,11.918,963 x 70 x 18.3,XY1,.067,2,0,0,Default,20:50:19,1.123
,TRA00018543A,2025/04/30,20:50:41,20:50:55,20:50:44,1.435,10.982,773 x 70 x 18.3,XY1,.054,2,0,0,Default,20:50:42,.936
,TRA00018549A,2025/04/30,20:51:38,20:51:52,20:51:40,1.498,12.043,1263 x 70 x 18.3,XY1,.088,2,0,0,Default,20:51:39,.640
,ROD00004836A,2025/04/30,20:51:57,20:52:13,20:52:01,2.309,12.230,1112 x 80 x 18.3,XY1,.089,8,0,0,Default,20:51:58,1.123
,TRA00018669A,2025/04/30,20:52:18,20:52:33,20:52:22,3.182,11.170,961 x 70 x 18.3,XY1,.067,2,0,0,Default,20:52:19,1.061
,GAV00041934A,2025/04/30,20:54:19,20:54:54,20:54:22,1.872,32.510,207 x 95.5 x 15.3,XY1,.020,8,0,0,Default,20:54:20,.936
,AFA00004195A,2025/04/30,20:54:58,20:55:12,20:55:00,1.186,11.809,350 x 50 x 15.3,XY1,.018,2,0,0,Default,20:54:59,.827
,TRA00018629A,2025/04/30,20:55:17,20:55:41,20:55:18,.998,22.838,219 x 70 x 15.3,XY1,.015,6,0,0,Default,20:55:17,.827
,GAV00041862A,2025/04/30,20:55:52,20:56:28,20:55:54,1.061,33.212,390 x 92.75 x 18.3,XY1,.036,4,3,0,Default,20:55:53,.936
,GAV00041863A,2025/04/30,20:57:06,20:57:25,20:57:09,.998,16.162,377 x 68.25 x 18.3,XY1,.026,6,0,0,Default,20:57:08,1.310
,TRA00018413A,2025/04/30,20:57:30,20:57:43,20:57:32,1.872,10.483,663 x 70 x 18.3,XY1,.046,2,0,0,Default,20:57:30,.827
,TRA00018412A,2025/04/30,20:57:48,20:58:01,20:57:50,1.560,10.483,663 x 70 x 18.3,XY1,.046,2,0,0,Default,20:57:49,.811
,AFA00004209A,2025/04/30,20:59:08,20:59:31,20:59:11,1.997,19.859,1140 x 50 x 15.3,XY1,.057,5,0,0,Default,20:59:09,1.014
,TRA00018544A,2025/04/30,20:59:37,20:59:51,20:59:39,.936,11.731,1183 x 70 x 18.3,XY1,.083,2,0,0,Default,20:59:38,.749
,TRA00018423A,2025/04/30,21:02:01,21:02:15,21:02:03,1.186,11.918,669 x 70 x 15.3,XY1,.047,6,0,0,Default,21:02:02,1.139
,TRA00018422A,2025/04/30,21:02:23,21:02:37,21:02:25,1.123,11.606,569 x 70 x 15.3,XY1,.040,6,0,0,Default,21:02:24,.749
,GAV00042121A,2025/04/30,21:02:53,21:03:09,21:02:55,1.123,14.352,400 x 80 x 15.3,XY1,.032,4,1,0,Default,21:02:54,1.123
,GAV00042122A,2025/04/30,21:03:54,21:04:11,21:03:57,1.685,14.290,400 x 80 x 15.3,XY1,.032,4,1,0,Default,21:03:55,1.123
,GAV00042119A,2025/04/30,21:04:55,21:05:15,21:04:57,.998,17.285,370 x 55.5 x 15.3,XY1,.021,8,0,0,Default,21:04:56,1.123
,GAV00042122A,2025/04/30,21:05:31,21:05:48,21:05:34,1.435,14.368,400 x 80 x 15.3,XY1,.032,4,1,0,Default,21:05:32,.686
,GAV00042120A,2025/04/30,21:06:23,21:06:42,21:06:26,1.310,16.052,370 x 55.5 x 15.3,XY1,.021,6,0,0,Default,21:06:24,1.248
,GAV00042119A,2025/04/30,21:06:50,21:07:09,21:06:52,1.186,17.347,370 x 55.5 x 15.3,XY1,.021,8,0,0,Default,21:06:51,.936
,GAV00042120A,2025/04/30,21:07:18,21:07:35,21:07:20,.874,15.850,370 x 55.5 x 15.3,XY1,.021,6,0,0,Default,21:07:19,.811
,GAV00042120A,2025/04/30,21:07:41,21:07:59,21:07:43,1.061,15.974,370 x 55.5 x 15.3,XY1,.021,6,0,0,Default,21:07:42,.936
,GAV00042119A,2025/04/30,21:08:08,21:08:27,21:08:10,.874,17.222,370 x 55.5 x 15.3,XY1,.021,8,0,0,Default,21:08:09,1.061
,GAV00042122A,2025/04/30,21:08:44,21:09:00,21:08:46,1.310,14.102,400 x 80 x 15.3,XY1,.032,4,1,0,Default,21:08:44,.686
,GAV00042121A,2025/04/30,21:09:33,21:09:49,21:09:35,1.061,14.118,400 x 80 x 15.3,XY1,.032,4,1,0,Default,21:09:34,.874
,GAV00042121A,2025/04/30,21:10:17,21:10:34,21:10:19,.998,14.180,400 x 80 x 15.3,XY1,.032,4,1,0,Default,21:10:18,1.123
,DIV00003553A,2025/04/30,21:13:04,21:13:29,21:13:10,5.554,18.112,343.5 x 128 x 15.3,XY1,.044,12,0,0,Default,21:13:05,1.061
,DIV00003553A,2025/04/30,21:13:34,21:13:56,21:13:38,2.496,18.034,343.5 x 128 x 15.3,XY1,.044,12,0,0,Default,21:13:35,.936
,GAV00042116A,2025/04/30,21:14:04,21:14:32,21:14:09,4.430,22.776,370 x 195.5 x 15.3,XY1,.072,10,0,0,Default,21:14:05,1.061
,GAV00042115A,2025/04/30,21:14:49,21:15:16,21:14:51,1.622,25.022,370 x 195.5 x 15.3,XY1,.072,12,0,0,Default,21:14:50,.936
,GAV00042117A,2025/04/30,21:15:24,21:15:47,21:15:27,1.872,19.968,400 x 220 x 15.3,XY1,.088,6,1,0,Default,21:15:25,.827
,GAV00042118A,2025/04/30,21:16:11,21:16:37,21:16:17,4.430,20.342,400 x 220 x 15.3,XY1,.088,6,1,0,Default,21:16:12,1.076
,PRA00013463A,2025/04/30,21:16:54,21:17:09,21:16:56,.998,12.667,332 x 200.5 x 18.3,XY1,.067,4,0,0,Default,21:16:55,1.123
,BAS00019894A,2025/04/30,21:17:33,21:18:16,21:17:36,1.810,39.562,569 x 367 x 15.3,XY1,.209,12,1,0,Default,21:17:35,1.326
,BAS00019896A,2025/04/30,21:19:03,21:19:46,21:19:06,2.184,40.061,669 x 367 x 15.3,XY1,.246,22,1,0,Default,21:19:03,.936
,BAS00019896A,2025/04/30,21:20:20,21:20:36,21:20:24,2.122,12.480,669 x 367 x 15.3,XY1,.246,6,0,0,Default,21:20:22,1.388
,ROD00004806A,2025/04/30,21:30:15,21:30:33,21:30:20,3.806,12.433,1000 x 80 x 15.3,XY1,.080,6,0,0,Default,21:30:16,1.435
,ROD00004806A,2025/04/30,21:30:49,21:31:07,21:30:54,4.680,12.480,1000 x 80 x 15.3,XY1,.080,6,0,0,Default,21:30:50,.811
,AFA00004158A,2025/04/30,21:31:17,21:31:30,21:31:19,1.373,10.733,845.75 x 70 x 15.3,XY1,.059,2,0,0,Default,21:31:18,1.061
,TRA00018466A,2025/04/30,21:31:37,21:31:55,21:31:40,1.622,14.976,976.75 x 70 x 15.3,XY1,.068,8,0,0,Default,21:31:38,1.061
,TRA00018466A,2025/04/30,21:32:01,21:32:19,21:32:04,1.872,14.992,976.75 x 70 x 15.3,XY1,.068,8,0,0,Default,21:32:02,.998
,ROD00004806A,2025/04/30,21:32:25,21:32:42,21:32:30,3.994,12.168,1000 x 80 x 15.3,XY1,.080,6,0,0,Default,21:32:26,.811
,TRA00018466A,2025/04/30,21:32:51,21:33:08,21:32:54,1.810,14.851,976.75 x 70 x 15.3,XY1,.068,8,0,0,Default,21:32:52,.998
,ROD00004806A,2025/04/30,21:33:13,21:33:28,21:33:16,2.184,12.355,1000 x 80 x 15.3,XY1,.080,6,0,0,Default,21:33:14,.874
,GAV00041852A,2025/04/30,21:35:47,21:36:09,21:35:54,6.302,15.288,290 x 80 x 15.3,XY1,.023,4,1,0,Default,21:35:47,.640
,GAV00041853A,2025/04/30,21:36:45,21:37:02,21:36:47,1.622,15.101,290 x 80 x 15.3,XY1,.023,4,1,0,Default,21:36:46,1.139
,GAV00041853A,2025/04/30,21:37:38,21:37:56,21:37:41,1.747,15.163,290 x 80 x 15.3,XY1,.023,4,1,0,Default,21:37:39,1.123
,GAV00041852A,2025/04/30,21:38:34,21:38:51,21:38:36,.998,14.976,290 x 80 x 15.3,XY1,.023,4,1,0,Default,21:38:35,1.014
,GAV00041846A,2025/04/30,21:39:13,21:39:34,21:39:16,1.186,18.283,343 x 95.5 x 15.3,XY1,.033,6,0,0,Default,21:39:15,1.248
,GAV00041845A,2025/04/30,21:39:48,21:40:11,21:39:51,1.435,19.843,343 x 95.5 x 15.3,XY1,.033,8,0,0,Default,21:39:49,.936
,ROD00004810A,2025/04/30,21:40:18,21:40:33,21:40:20,1.123,12.418,548.5 x 80 x 15.3,XY1,.044,4,0,0,Default,21:40:19,.998
,ROD00004810A,2025/04/30,21:40:39,21:40:53,21:40:41,1.123,12.667,548.5 x 80 x 15.3,XY1,.044,4,0,0,Default,21:40:40,.811
,ROD00004810A,2025/04/30,21:41:00,21:41:15,21:41:03,1.435,12.542,548.5 x 80 x 15.3,XY1,.044,4,0,0,Default,21:41:01,.811
,ROD00004810A,2025/04/30,21:41:21,21:41:36,21:41:23,1.061,12.792,548.5 x 80 x 15.3,XY1,.044,4,0,0,Default,21:41:22,.874
,ROD00004810A,2025/04/30,21:42:19,21:42:33,21:42:21,.749,12.418,548.5 x 80 x 15.3,XY1,.044,4,0,0,Default,21:42:20,.874
,ROD00004810A,2025/04/30,21:42:38,21:42:52,21:42:39,.749,12.542,548.5 x 80 x 15.3,XY1,.044,4,0,0,Default,21:42:38,.874
,GAV00042147A,2025/04/30,21:48:31,21:48:49,21:48:34,2.122,15.912,543 x 50.5 x 15.3,XY1,.027,8,0,0,Default,21:48:31,.686
,GAV00042148A,2025/04/30,21:48:57,21:49:15,21:49:00,2.371,14.290,543 x 50.5 x 15.3,XY1,.027,6,0,0,Default,21:48:58,.936
,GAV00042147A,2025/04/30,21:49:21,21:49:40,21:49:24,1.934,15.662,543 x 50.5 x 15.3,XY1,.027,8,0,0,Default,21:49:22,1.061
,GAV00042148A,2025/04/30,21:49:45,21:50:02,21:49:48,1.747,14.414,543 x 50.5 x 15.3,XY1,.027,6,0,0,Default,21:49:46,.811
,GAV00041837A,2025/04/30,21:50:13,21:50:30,21:50:15,.998,15.116,490 x 80 x 15.3,XY1,.039,4,1,0,Default,21:50:14,1.123
,GAV00041842A,2025/04/30,21:51:17,21:51:34,21:51:19,1.061,15.101,490 x 80 x 15.3,XY1,.039,4,1,0,Default,21:51:18,.936
,GAV00041836A,2025/04/30,21:52:09,21:52:26,21:52:11,1.186,14.227,430 x 55.5 x 15.3,XY1,.024,6,0,0,Default,21:52:10,1.123
,GAV00041840A,2025/04/30,21:52:42,21:53:00,21:52:44,1.498,15.538,430 x 55.5 x 15.3,XY1,.024,8,0,0,Default,21:52:43,.827
,GAV00041851A,2025/04/30,21:53:06,21:53:23,21:53:08,.998,15.538,320 x 55.5 x 15.3,XY1,.018,6,0,0,Default,21:53:07,.811
,GAV00041838A,2025/04/30,21:53:39,21:53:56,21:53:41,1.435,14.976,490 x 80 x 15.3,XY1,.039,4,1,0,Default,21:53:40,.889
,GAV00041833A,2025/04/30,21:56:43,21:57:00,21:56:45,1.186,14.726,490 x 80 x 15.3,XY1,.039,4,1,0,Default,21:56:44,1.061
,GAV00041845A,2025/04/30,21:57:40,21:58:09,21:57:45,3.182,24.461,343 x 95.5 x 15.3,XY1,.033,8,0,0,Default,21:57:42,1.139
,GAV00041846A,2025/04/30,21:58:26,21:59:08,21:58:49,22.277,18.548,343 x 95.5 x 15.3,XY1,.033,6,0,0,Default,21:58:27,.936
,GAV00041850A,2025/04/30,21:59:25,21:59:44,21:59:27,1.373,17.285,320 x 55.5 x 15.3,XY1,.018,8,0,0,Default,21:59:25,.624
,GAV00041850A,2025/04/30,21:59:51,22:00:11,21:59:53,1.498,17.971,320 x 55.5 x 15.3,XY1,.018,8,0,0,Default,21:59:52,.811
,GAV00041830A,2025/04/30,22:00:27,22:00:46,22:00:30,1.810,15.366,430 x 55.5 x 15.3,XY1,.024,8,0,0,Default,22:00:28,1.061
,GAV00041835A,2025/04/30,22:01:02,22:01:20,22:01:04,1.310,15.538,430 x 55.5 x 15.3,XY1,.024,8,0,0,Default,22:01:03,.936
,GAV00041843A,2025/04/30,22:01:32,22:01:49,22:01:34,1.622,14.851,490 x 80 x 15.3,XY1,.039,4,1,0,Default,22:01:32,.749
,GAV00041832A,2025/04/30,22:02:35,22:02:53,22:02:37,1.061,15.163,490 x 80 x 15.3,XY1,.039,4,1,0,Default,22:02:36,1.061
,GAV00041851A,2025/04/30,22:03:49,22:04:07,22:03:51,1.994,16.162,320 x 55.5 x 15.3,XY1,.018,6,0,0,Default,22:03:49,.250
,GAV00041845A,2025/04/30,22:04:13,22:04:37,22:04:15,1.310,21.590,343 x 95.5 x 15.3,XY1,.033,8,0,0,Default,22:04:14,.936
,AFA00004154A,2025/04/30,22:06:29,22:06:47,22:06:32,1.747,14.789,820 x 50 x 15.3,XY1,.041,4,0,0,Default,22:06:30,1.139
,AFA00004158A,2025/04/30,22:06:52,22:07:05,22:06:54,1.747,10.920,845.75 x 70 x 15.3,XY1,.059,2,0,0,Default,22:06:53,.811
,AFA00004155A,2025/04/30,22:07:11,22:07:27,22:07:12,1.310,14.602,820 x 50 x 15.3,XY1,.041,4,0,0,Default,22:07:11,.624
,AFA00004155A,2025/04/30,22:07:32,22:07:49,22:07:34,1.310,14.851,820 x 50 x 15.3,XY1,.041,4,0,0,Default,22:07:33,.936
,AFA00004154A,2025/04/30,22:07:54,22:08:11,22:07:56,.936,14.789,820 x 50 x 15.3,XY1,.041,4,0,0,Default,22:07:55,.936
,TRA00018466A,2025/04/30,22:08:16,22:08:34,22:08:19,2.059,14.914,976.75 x 70 x 15.3,XY1,.068,8,0,0,Default,22:08:17,.686
,AFA00004158A,2025/04/30,22:08:42,22:08:55,22:08:44,1.248,10.858,845.75 x 70 x 15.3,XY1,.059,2,0,0,Default,22:08:43,.998
,AFA00004158A,2025/04/30,22:09:02,22:09:15,22:09:04,1.123,10.920,845.75 x 70 x 15.3,XY1,.059,2,0,0,Default,22:09:02,.936
,GAV00041841A,2025/04/30,22:11:01,22:11:18,22:11:04,2.246,14.040,430 x 55.5 x 15.3,XY1,.024,6,0,0,Default,22:11:02,1.061
,GAV00041831A,2025/04/30,22:11:27,22:11:43,22:11:29,1.061,13.868,430 x 55.5 x 15.3,XY1,.024,6,0,0,Default,22:11:28,.952
,GAV00041846A,2025/04/30,22:11:47,22:12:07,22:11:49,.749,18.533,343 x 95.5 x 15.3,XY1,.033,6,0,0,Default,22:11:48,.811
,GAV00042027A,2025/04/30,22:12:22,22:12:34,22:12:25,2.059,8.549,500 x 140 x 15.3,XY1,.070,3,0,0,Default,22:12:23,.936
,BAS00020137A,2025/04/30,22:12:47,22:13:05,22:12:51,2.371,14.352,439 x 329 x 15.3,XY1,.144,8,0,0,Default,22:12:48,1.310
,BAS00020811A,2025/04/30,22:20:51,22:21:11,22:20:55,3.619,15.787,852 x 304 x 15.3,XY1,.259,8,0,0,Default,22:20:52,.624
,BAS00020812A,2025/04/30,22:21:21,22:21:54,22:21:24,1.872,30.139,844 x 304 x 15.3,XY1,.257,8,0,0,Default,22:21:22,.811
,PAINEL,2025/04/30,22:23:31,22:24:33,22:23:41,7.862,52.416,2700 x 700 x 18.3,XY1,1.890,30,0,0,Default,22:23:33,1.934
,BAS00020810A,2025/04/30,22:27:30,22:27:51,22:27:36,3.682,15.740,849 x 304 x 15.3,XY1,.258,8,0,0,Default,22:27:32,1.810
,BAS00020798A,2025/04/30,22:28:01,22:28:21,22:28:03,1.810,17.784,857.75 x 304 x 18.3,XY1,.261,8,0,0,Default,22:28:02,.749
,BAS00020798A,2025/04/30,22:28:43,22:29:06,22:28:46,2.621,19.344,857.75 x 304 x 18.3,XY1,.261,8,0,0,Default,22:28:44,.624
,GAV00043640A,2025/04/30,23:59:28,23:59:52,23:59:31,2.621,20.530,688 x 275.5 x 15.3,XY1,.190,6,0,0,Default,23:59:28,.810
