id_ordem;id_unico_peca;codigo_layout;qtd_cortada_no_layout;tempo_corte_segundos;id_retrabalho;recorte
1107936;1107936;0828000011001;1;0;;false
1107940;1107940;0828000011001;1;0;;false
1107941;1107941;0828000011001;1;0;;false
1107942;1107942;0828000011001;1;0;;false
1107943;1107943;0828000011001;1;0;;false
1107946;1107946;0828000011001;1;0;;false
1107939;1107939;0828000011002;1;0;;false
1107944;1107944;0828000011002;1;0;;false
1107945;1107945;0828000011002;1;0;;false
1107947;1107947;0828000011002;1;0;;false
1107948;1107948;0828000011002;1;0;;false
1108256;1108256;0828000011003;1;0;;false
1108259;1108259;0828000011003;1;0;;false
1109433;1109433;0828000011003;1;0;;false
1109434;1109434;0828000011003;1;0;;false
1109438;1109438;0828000011003;1;0;;false
1109441;1109441;0828000011003;1;0;;false
1109449;1109449;0828000011003;1;0;;false
1109450;1109450;0828000011003;1;0;;false
1109451;1109451;0828000011003;1;0;;false
1108258;1108258;0828000011004;1;0;;false
1108261;1108261;0828000011004;1;0;;false
1108270;1108270;0828000011004;1;0;;false
1108271;1108271;0828000011004;1;0;;false
1108467;1108467;0828000011004;1;0;;false
1109435;1109435;0828000011004;1;0;;false
1109436;1109436;0828000011004;1;0;;false
1109452;1109452;0828000011004;1;0;;false
1108262;1108262;0828000011005;1;0;;false
1108264;1108264;0828000011005;1;0;;false
1108456;1108456;0828000011005;1;0;;false
1108458;1108458;0828000011005;1;0;;false
1108459;1108459;0828000011005;1;0;;false
1108461;1108461;0828000011005;1;0;;false
1108462;1108462;0828000011005;1;0;;false
1108463;1108463;0828000011005;1;0;;false
1108466;1108466;0828000011005;1;0;;false
1108468;1108468;0828000011005;1;0;;false
1108469;1108469;0828000011005;1;0;;false
1108470;1108470;0828000011005;1;0;;false
1109442;1109442;0828000011005;1;0;;false
1109444;1109444;0828000011005;1;0;;false
1109448;1109448;0828000011005;1;0;;false
1108263;1108263;0828000011006;1;0;;false
1108265;1108265;0828000011006;1;0;;false
1108266;1108266;0828000011006;1;0;;false
1108268;1108268;0828000011006;1;0;;false
1108269;1108269;0828000011006;1;0;;false
1108464;1108464;0828000011006;1;0;;false
1108465;1108465;0828000011006;1;0;;false
1109645;1109645;0828000011007;1;0;;false
1108528;1108528;0828000011008;1;0;;false
1108533;1108533;0828000011008;1;0;;false
1108539;1108539;0828000011008;1;0;;false
1108540;1108540;0828000011008;1;0;;false
1108541;1108541;0828000011008;1;0;;false
1108543;1108543;0828000011008;1;0;;false
1108544;1108544;0828000011008;1;0;;false
1108545;1108545;0828000011008;1;0;;false
1108546;1108546;0828000011008;1;0;;false
1109765;1109765;0828000011008;1;0;;false
1109766;1109766;0828000011008;1;0;;false
1109771;1109771;0828000011008;1;0;;false
1109774;1109774;0828000011008;1;0;;false
1109775;1109775;0828000011008;1;0;;false
1108527;1108527;0828000011009;1;0;;false
1108529;1108529;0828000011009;1;0;;false
1108530;1108530;0828000011009;1;0;;false
1108534;1108534;0828000011009;1;0;;false
1108535;1108535;0828000011009;1;0;;false
1108536;1108536;0828000011009;1;0;;false
1108537;1108537;0828000011009;1;0;;false
1108538;1108538;0828000011009;1;0;;false
1108542;1108542;0828000011009;1;0;;false
1109647;1109647;0828000011009;1;0;;false
1109767;1109767;0828000011009;1;0;;false
1109768;1109768;0828000011009;1;0;;false
1109770;1109770;0828000011009;1;0;;false
1109772;1109772;0828000011009;1;0;;false
1109773;1109773;0828000011009;1;0;;false
1108531;1108531;0828000011010;1;0;;false
1108313;1108313;0828000011011;1;0;;false
1108314;1108314;0828000011011;1;0;;false
1109129;1109129;0828000011011;1;0;;false
1109138;1109138;0828000011011;1;0;;false
1109507;1109507;0828000011011;1;0;;false
1109535;1109535;0828000011011;1;0;;false
1109573;1109573;0828000011011;1;0;;false
1108279;1108279;0828000011012;1;0;;false
1108280;1108280;0828000011012;1;0;;false
1108312;1108312;0828000011012;1;0;;false
1108679;1108679;0828000011012;1;0;;false
1109506;1109506;0828000011012;1;0;;false
1109571;1109571;0828000011012;1;0;;false
1109572;1109572;0828000011012;1;0;;false
1108170;1108170;0828000011013;1;0;;false
1108176;1108176;0828000011013;1;0;;false
1108281;1108281;0828000011013;1;0;;false
1109333;1109333;0828000011013;1;0;;false
1109334;1109334;0828000011013;1;0;;false
1109500;1109500;0828000011013;1;0;;false
1109666;1109666;0828000011013;1;0;;false
1108122;1108122;0828000011014;1;0;;false
1108504;1108504;0828000011014;1;0;;false
1108510;1108510;0828000011014;1;0;;false
1108593;1108593;0828000011014;1;0;;false
1108601;1108601;0828000011014;1;0;;false
1109262;1109262;0828000011014;1;0;;false
1109263;1109263;0828000011014;1;0;;false
1109265;1109265;0828000011014;1;0;;false
1108505;1108505;0828000011015;1;0;;false
1108719;1108719;0828000011015;1;0;;false
1108720;1108720;0828000011015;1;0;;false
1108741;1108741;0828000011015;1;0;;false
1108742;1108742;0828000011015;1;0;;false
1108932;1108932;0828000011015;1;0;;false
1108935;1108935;0828000011015;1;0;;false
1108938;1108938;0828000011015;1;0;;false
1108941;1108941;0828000011015;1;0;;false
1109653;1109653;0828000011015;1;0;;false
1109264;1109264;0828000011016;1;0;;false
1109533;1109533;0828000011016;1;0;;false
1109534;1109534;0828000011016;1;0;;false
1107921;1107921;0828000011017;1;0;;false
1107922;1107922;0828000011017;1;0;;false
1107923;1107923;0828000011017;1;0;;false
1108320;1108320;0828000011017;1;0;;false
1108383;1108383;0828000011017;1;0;;false
1108494;1108494;0828000011017;1;0;;false
1108495;1108495;0828000011017;1;0;;false
1108497;1108497;0828000011017;1;0;;false
1108498;1108498;0828000011017;1;0;;false
1108499;1108499;0828000011017;1;0;;false
1108500;1108500;0828000011017;1;0;;false
1108502;1108502;0828000011017;1;0;;false
1109676;1109676;0828000011017;1;0;;false
1109677;1109677;0828000011017;1;0;;false
1108561;1108561;0828000011018;1;0;;false
1108562;1108562;0828000011018;1;0;;false
1108724;1108724;0828000011018;1;0;;false
1108725;1108725;0828000011018;1;0;;false
1109321;1109321;0828000011018;1;0;;false
1109322;1109322;0828000011018;1;0;;false
1109323;1109323;0828000011018;1;0;;false
1109324;1109324;0828000011018;1;0;;false
1109325;1109325;0828000011018;1;0;;false
1109328;1109328;0828000011018;1;0;;false
1109329;1109329;0828000011018;1;0;;false
1109330;1109330;0828000011018;1;0;;false
1109331;1109331;0828000011018;1;0;;false
1109601;1109601;0828000011018;1;0;;false
1109657;1109657;0828000011018;1;0;;false
1108680;1108680;0828000011019;1;0;;false
1108681;1108681;0828000011019;1;0;;false
1108682;1108682;0828000011019;1;0;;false
1108702;1108702;0828000011019;1;0;;false
1109267;1109267;0828000011019;1;0;;false
1109269;1109269;0828000011019;1;0;;false
1109508;1109508;0828000011019;1;0;;false
1109802;1109802;0828000011019;1;0;;false
1109803;1109803;0828000011019;1;0;;false
1108171;1108171;0828000011020;1;0;;false
1108178;1108178;0828000011020;1;0;;false
1108307;1108307;0828000011020;1;0;;false
1108309;1108309;0828000011020;1;0;;false
1108473;1108473;0828000011020;1;0;;false
1108480;1108480;0828000011020;1;0;;false
1108489;1108489;0828000011020;1;0;;false
1108496;1108496;0828000011020;1;0;;false
1108997;1108997;0828000011020;1;0;;false
1109120;1109120;0828000011020;1;0;;false
1109125;1109125;0828000011020;1;0;;false
1109315;1109315;0828000011020;1;0;;false
1109341;1109341;0828000011020;1;0;;false
1108167;1108167;0828000011021;1;0;;false
1108273;1108273;0828000011021;1;0;;false
1108274;1108274;0828000011021;1;0;;false
1108688;1108688;0828000011021;1;0;;false
1109266;1109266;0828000011021;1;0;;false
1109268;1109268;0828000011021;1;0;;false
1109335;1109335;0828000011021;1;0;;false
1109649;1109649;0828000011021;1;0;;false
1109650;1109650;0828000011021;1;0;;false
1108177;1108177;0828000011022;1;0;;false
1108292;1108292;0828000011022;1;0;;false
1108308;1108308;0828000011022;1;0;;false
1108491;1108491;0828000011022;1;0;;false
1108501;1108501;0828000011022;1;0;;false
1108503;1108503;0828000011022;1;0;;false
1108549;1108549;0828000011022;1;0;;false
1108577;1108577;0828000011022;1;0;;false
1108684;1108684;0828000011022;1;0;;false
1109312;1109312;0828000011022;1;0;;false
1109327;1109327;0828000011022;1;0;;false
1109406;1109406;0828000011022;1;0;;false
1109569;1109569;0828000011022;1;0;;false
1109659;1109659;0828000011022;1;0;;false
1109660;1109660;0828000011022;1;0;;false
1109661;1109661;0828000011022;1;0;;false
1108293;1108293;0828000011023;1;0;;false
1108317;1108317;0828000011023;1;0;;false
1108372;1108372;0828000011023;1;0;;false
1108585;1108585;0828000011023;1;0;;false
1108586;1108586;0828000011023;1;0;;false
1108587;1108587;0828000011023;1;0;;false
1109010;1109010;0828000011023;1;0;;false
1109012;1109012;0828000011023;1;0;;false
1109131;1109131;0828000011023;1;0;;false
1109317;1109317;0828000011023;1;0;;false
1109318;1109318;0828000011023;1;0;;false
1109332;1109332;0828000011023;1;0;;false
1109343;1109343;0828000011023;1;0;;false
1109687;1109687;0828000011023;1;0;;false
1109703;1109703;0828000011023;1;0;;false
1109718;1109718;0828000011023;1;0;;false
1108032;1108032;0828000011024;1;0;;false
1108453;1108453;0828000011024;1;0;;false
1108482;1108482;0828000011024;1;0;;false
1108485;1108485;0828000011024;1;0;;false
1108699;1108699;0828000011024;1;0;;false
1108706;1108706;0828000011024;1;0;;false
1108936;1108936;0828000011024;1;0;;false
1108937;1108937;0828000011024;1;0;;false
1109229;1109229;0828000011024;1;0;;false
1109255;1109255;0828000011024;1;0;;false
1109421;1109421;0828000011024;1;0;;false
1109597;1109597;0828000011024;1;0;;false
1109788;1109788;0828000011024;1;0;;false
1109804;1109804;0828000011024;1;0;;false
1109809;1109809;0828000011024;1;0;;false
1109835;1109835;0828000011024;1;0;;false
1108033;1108033;0828000011025;1;0;;false
1108034;1108034;0828000011025;1;0;;false
1108035;1108035;0828000011025;1;0;;false
1108036;1108036;0828000011025;1;0;;false
1108371;1108371;0828000011025;1;0;;false
1108547;1108547;0828000011025;1;0;;false
1108565;1108565;0828000011025;1;0;;false
1108566;1108566;0828000011025;1;0;;false
1108569;1108569;0828000011025;1;0;;false
1109130;1109130;0828000011025;1;0;;false
1109319;1109319;0828000011025;1;0;;false
1109505;1109505;0828000011025;1;0;;false
1109532;1109532;0828000011025;1;0;;false
1109565;1109565;0828000011025;1;0;;false
1108030;1108030;0828000011026;1;0;;false
1108075;1108075;0828000011026;1;0;;false
1108076;1108076;0828000011026;1;0;;false
1108077;1108077;0828000011026;1;0;;false
1108377;1108377;0828000011026;1;0;;false
1108617;1108617;0828000011026;1;0;;false
1108619;1108619;0828000011026;1;0;;false
1108620;1108620;0828000011026;1;0;;false
1108621;1108621;0828000011026;1;0;;false
1108625;1108625;0828000011026;1;0;;false
1108942;1108942;0828000011026;1;0;;false
1109654;1109654;0828000011026;1;0;;false
1109675;1109675;0828000011026;1;0;;false
1109716;1109716;0828000011026;1;0;;false
1108572;1108572;0828000011027;1;0;;false
1108573;1108573;0828000011027;1;0;;false
1108574;1108574;0828000011027;1;0;;false
1109005;1109005;0828000011027;1;0;;false
1109114;1109114;0828000011027;1;0;;false
1109127;1109127;0828000011027;1;0;;false
1109257;1109257;0828000011027;1;0;;false
1109260;1109260;0828000011027;1;0;;false
1109284;1109284;0828000011027;1;0;;false
1109669;1109669;0828000011027;1;0;;false
1109822;1109822;0828000011027;1;0;;false
1109836;1109836;0828000011027;1;0;;false
1108289;1108289;0828000011028;1;0;;false
1108290;1108290;0828000011028;1;0;;false
1108294;1108294;0828000011028;1;0;;false
1108315;1108315;0828000011028;1;0;;false
1109337;1109337;0828000011028;1;0;;false
1109344;1109344;0828000011028;1;0;;false
1109419;1109419;0828000011028;1;0;;false
1109536;1109536;0828000011028;1;0;;false
1109648;1109648;0828000011028;1;0;;false
1109663;1109663;0828000011028;1;0;;false
1109674;1109674;0828000011028;1;0;;false
1109689;1109689;0828000011028;1;0;;false
1109690;1109690;0828000011028;1;0;;false
1108369;1108369;0828000011029;1;0;;false
1108370;1108370;0828000011029;1;0;;false
1108484;1108484;0828000011029;1;0;;false
1108596;1108596;0828000011029;1;0;;false
1108597;1108597;0828000011029;1;0;;false
1108626;1108626;0828000011029;1;0;;false
1108627;1108627;0828000011029;1;0;;false
1108631;1108631;0828000011029;1;0;;false
1108718;1108718;0828000011029;1;0;;false
1108740;1108740;0828000011029;1;0;;false
1109310;1109310;0828000011029;1;0;;false
1109422;1109422;0828000011029;1;0;;false
1109656;1109656;0828000011029;1;0;;false
1109789;1109789;0828000011029;1;0;;false
1108325;1108325;0828000011030;1;0;;false
1108599;1108599;0828000011030;1;0;;false
1108700;1108700;0828000011030;1;0;;false
1108701;1108701;0828000011030;1;0;;false
1108726;1108726;0828000011030;1;0;;false
1109134;1109134;0828000011030;1;0;;false
1109135;1109135;0828000011030;1;0;;false
1109136;1109136;0828000011030;1;0;;false
1109137;1109137;0828000011030;1;0;;false
1109143;1109143;0828000011030;1;0;;false
1109144;1109144;0828000011030;1;0;;false
1109271;1109271;0828000011030;1;0;;false
1109272;1109272;0828000011030;1;0;;false
1109795;1109795;0828000011030;1;0;;false
1109800;1109800;0828000011030;1;0;;false
1108124;1108124;0828000011031;1;0;;false
1108284;1108284;0828000011031;1;0;;false
1108288;1108288;0828000011031;1;0;;false
1108374;1108374;0828000011031;1;0;;false
1108387;1108387;0828000011031;1;0;;false
1108388;1108388;0828000011031;1;0;;false
1108622;1108622;0828000011031;1;0;;false
1108943;1108943;0828000011031;1;0;;false
1108998;1108998;0828000011031;1;0;;false
1108999;1108999;0828000011031;1;0;;false
1109145;1109145;0828000011031;1;0;;false
1109700;1109700;0828000011031;1;0;;false
1109801;1109801;0828000011031;1;0;;false
1109829;1109829;0828000011031;1;0;;false
1109833;1109833;0828000011031;1;0;;false
1109834;1109834;0828000011031;1;0;;false
1108474;1108474;0828000011032;1;0;;false
1108475;1108475;0828000011032;1;0;;false
1108598;1108598;0828000011032;1;0;;false
1108703;1108703;0828000011032;1;0;;false
1108933;1108933;0828000011032;1;0;;false
1108934;1108934;0828000011032;1;0;;false
1108939;1108939;0828000011032;1;0;;false
1109009;1109009;0828000011032;1;0;;false
1109313;1109313;0828000011032;1;0;;false
1109316;1109316;0828000011032;1;0;;false
1109336;1109336;0828000011032;1;0;;false
1109342;1109342;0828000011032;1;0;;false
1109607;1109607;0828000011032;1;0;;false
1109610;1109610;0828000011032;1;0;;false
1109672;1109672;0828000011032;1;0;;false
1109673;1109673;0828000011032;1;0;;false
1109715;1109715;0828000011032;1;0;;false
1107924;1107924;0828000011033;1;0;;false
1108272;1108272;0828000011033;1;0;;false
1108285;1108285;0828000011033;1;0;;false
1108327;1108327;0828000011033;1;0;;false
1108488;1108488;0828000011033;1;0;;false
1108563;1108563;0828000011033;1;0;;false
1108564;1108564;0828000011033;1;0;;false
1108570;1108570;0828000011033;1;0;;false
1108594;1108594;0828000011033;1;0;;false
1108600;1108600;0828000011033;1;0;;false
1109000;1109000;0828000011033;1;0;;false
1109001;1109001;0828000011033;1;0;;false
1109146;1109146;0828000011033;1;0;;false
1109320;1109320;0828000011033;1;0;;false
1109326;1109326;0828000011033;1;0;;false
1109566;1109566;0828000011033;1;0;;false
1109696;1109696;0828000011033;1;0;;false
1108301;1108301;0828000011034;1;0;;false
1108316;1108316;0828000011034;1;0;;false
1108471;1108471;0828000011034;1;0;;false
1108472;1108472;0828000011034;1;0;;false
1108507;1108507;0828000011034;1;0;;false
1108571;1108571;0828000011034;1;0;;false
1108683;1108683;0828000011034;1;0;;false
1109338;1109338;0828000011034;1;0;;false
1109339;1109339;0828000011034;1;0;;false
1109340;1109340;0828000011034;1;0;;false
1109405;1109405;0828000011034;1;0;;false
1109417;1109417;0828000011034;1;0;;false
1109567;1109567;0828000011034;1;0;;false
1109693;1109693;0828000011034;1;0;;false
1109702;1109702;0828000011034;1;0;;false
1109823;1109823;0828000011034;1;0;;false
1108283;1108283;0828000011035;1;0;;false
1108286;1108286;0828000011035;1;0;;false
1108487;1108487;0828000011035;1;0;;false
1108940;1108940;0828000011035;1;0;;false
1109003;1109003;0828000011035;1;0;;false
1109141;1109141;0828000011035;1;0;;false
1109278;1109278;0828000011035;1;0;;false
1109281;1109281;0828000011035;1;0;;false
1109817;1109817;0828000011035;1;0;;false
1109818;1109818;0828000011035;1;0;;false
1109819;1109819;0828000011035;1;0;;false
1109820;1109820;0828000011035;1;0;;false
1109821;1109821;0828000011035;1;0;;false
1107925;1107925;0828000011036;1;0;;false
1108305;1108305;0828000011036;1;0;;false
1108509;1108509;0828000011036;1;0;;false
1108595;1108595;0828000011036;1;0;;false
1108632;1108632;0828000011036;1;0;;false
1109006;1109006;0828000011036;1;0;;false
1109008;1109008;0828000011036;1;0;;false
1109670;1109670;0828000011036;1;0;;false
1109671;1109671;0828000011036;1;0;;false
1109714;1109714;0828000011036;1;0;;false
1109790;1109790;0828000011036;1;0;;false
1109793;1109793;0828000011036;1;0;;false
1109797;1109797;0828000011036;1;0;;false
1109828;1109828;0828000011036;1;0;;false
1108123;1108123;0828000011037;1;0;;false
1108168;1108168;0828000011037;1;0;;false
1108173;1108173;0828000011037;1;0;;false
1108174;1108174;0828000011037;1;0;;false
1108275;1108275;0828000011037;1;0;;false
1108276;1108276;0828000011037;1;0;;false
1108277;1108277;0828000011037;1;0;;false
1108380;1108380;0828000011037;1;0;;false
1108381;1108381;0828000011037;1;0;;false
1108450;1108450;0828000011037;1;0;;false
1109230;1109230;0828000011037;1;0;;false
1109231;1109231;0828000011037;1;0;;false
1109232;1109232;0828000011037;1;0;;false
1109651;1109651;0828000011037;1;0;;false
1108506;1108506;0828000011038;1;0;;false
1108512;1108512;0828000011038;1;0;;false
1108618;1108618;0828000011038;1;0;;false
1108629;1108629;0828000011038;1;0;;false
1108630;1108630;0828000011038;1;0;;false
1108633;1108633;0828000011038;1;0;;false
1108637;1108637;0828000011038;1;0;;false
1108638;1108638;0828000011038;1;0;;false
1108639;1108639;0828000011038;1;0;;false
1109128;1109128;0828000011038;1;0;;false
1109286;1109286;0828000011038;1;0;;false
1109408;1109408;0828000011038;1;0;;false
1109504;1109504;0828000011038;1;0;;false
1108375;1108375;0828000011039;1;0;;false
1108393;1108393;0828000011039;1;0;;false
1108704;1108704;0828000011039;1;0;;false
1108707;1108707;0828000011039;1;0;;false
1108728;1108728;0828000011039;1;0;;false
1108729;1108729;0828000011039;1;0;;false
1109314;1109314;0828000011039;1;0;;false
1109600;1109600;0828000011039;1;0;;false
1109612;1109612;0828000011039;1;0;;false
1109692;1109692;0828000011039;1;0;;false
1109791;1109791;0828000011039;1;0;;false
1109792;1109792;0828000011039;1;0;;false
1109798;1109798;0828000011039;1;0;;false
1109799;1109799;0828000011039;1;0;;false
1109825;1109825;0828000011039;1;0;;false
1109826;1109826;0828000011039;1;0;;false
1109827;1109827;0828000011039;1;0;;false
1109830;1109830;0828000011039;1;0;;false
1109832;1109832;0828000011039;1;0;;false
1108282;1108282;0828000011040;1;0;;false
1108490;1108490;0828000011040;1;0;;false
1108492;1108492;0828000011040;1;0;;false
1108493;1108493;0828000011040;1;0;;false
1108550;1108550;0828000011040;1;0;;false
1108555;1108555;0828000011040;1;0;;false
1108556;1108556;0828000011040;1;0;;false
1108708;1108708;0828000011040;1;0;;false
1109133;1109133;0828000011040;1;0;;false
1109139;1109139;0828000011040;1;0;;false
1109570;1109570;0828000011040;1;0;;false
1109603;1109603;0828000011040;1;0;;false
1109604;1109604;0828000011040;1;0;;false
1109662;1109662;0828000011040;1;0;;false
1109814;1109814;0828000011040;1;0;;false
1109815;1109815;0828000011040;1;0;;false
1109816;1109816;0828000011040;1;0;;false
1108031;1108031;0828000011041;1;0;;false
1108072;1108072;0828000011041;1;0;;false
1108073;1108073;0828000011041;1;0;;false
1108074;1108074;0828000011041;1;0;;false
1108382;1108382;0828000011041;1;0;;false
1108389;1108389;0828000011041;1;0;;false
1108451;1108451;0828000011041;1;0;;false
1108452;1108452;0828000011041;1;0;;false
1108698;1108698;0828000011041;1;0;;false
1109502;1109502;0828000011041;1;0;;false
1109667;1109667;0828000011041;1;0;;false
1109668;1109668;0828000011041;1;0;;false
1109713;1109713;0828000011041;1;0;;false
1109794;1109794;0828000011041;1;0;;false
1108306;1108306;0828000011042;1;0;;false
1108714;1108714;0828000011042;1;0;;false
1108715;1108715;0828000011042;1;0;;false
1108716;1108716;0828000011042;1;0;;false
1108717;1108717;0828000011042;1;0;;false
1108730;1108730;0828000011042;1;0;;false
1108731;1108731;0828000011042;1;0;;false
1108732;1108732;0828000011042;1;0;;false
1108733;1108733;0828000011042;1;0;;false
1108734;1108734;0828000011042;1;0;;false
1108735;1108735;0828000011042;1;0;;false
1109004;1109004;0828000011042;1;0;;false
1109142;1109142;0828000011042;1;0;;false
1109688;1109688;0828000011042;1;0;;false
1109705;1109705;0828000011042;1;0;;false
1108172;1108172;0828000011043;1;0;;false
1108278;1108278;0828000011043;1;0;;false
1108291;1108291;0828000011043;1;0;;false
1108295;1108295;0828000011043;1;0;;false
1108300;1108300;0828000011043;1;0;;false
1108384;1108384;0828000011043;1;0;;false
1108385;1108385;0828000011043;1;0;;false
1108386;1108386;0828000011043;1;0;;false
1108705;1108705;0828000011043;1;0;;false
1109254;1109254;0828000011043;1;0;;false
1109598;1109598;0828000011043;1;0;;false
1109694;1109694;0828000011043;1;0;;false
1109695;1109695;0828000011043;1;0;;false
1109704;1109704;0828000011043;1;0;;false
1109712;1109712;0828000011043;1;0;;false
1109824;1109824;0828000011043;1;0;;false
1108324;1108324;0828000011044;1;0;;false
1108391;1108391;0828000011044;1;0;;false
1108392;1108392;0828000011044;1;0;;false
1108481;1108481;0828000011044;1;0;;false
1108575;1108575;0828000011044;1;0;;false
1108588;1108588;0828000011044;1;0;;false
1108589;1108589;0828000011044;1;0;;false
1108590;1108590;0828000011044;1;0;;false
1108591;1108591;0828000011044;1;0;;false
1108592;1108592;0828000011044;1;0;;false
1109115;1109115;0828000011044;1;0;;false
1109123;1109123;0828000011044;1;0;;false
1109258;1109258;0828000011044;1;0;;false
1109273;1109273;0828000011044;1;0;;false
1109274;1109274;0828000011044;1;0;;false
1109311;1109311;0828000011044;1;0;;false
1109602;1109602;0828000011044;1;0;;false
1108125;1108125;0828000011045;1;0;;false
1108169;1108169;0828000011045;1;0;;false
1108175;1108175;0828000011045;1;0;;false
1108318;1108318;0828000011045;1;0;;false
1108319;1108319;0828000011045;1;0;;false
1108548;1108548;0828000011045;1;0;;false
1108567;1108567;0828000011045;1;0;;false
1108568;1108568;0828000011045;1;0;;false
1108580;1108580;0828000011045;1;0;;false
1108623;1108623;0828000011045;1;0;;false
1108721;1108721;0828000011045;1;0;;false
1108722;1108722;0828000011045;1;0;;false
1109002;1109002;0828000011045;1;0;;false
1109275;1109275;0828000011045;1;0;;false
1109276;1109276;0828000011045;1;0;;false
1109277;1109277;0828000011045;1;0;;false
1109679;1109679;0828000011045;1;0;;false
1109701;1109701;0828000011045;1;0;;false
1109805;1109805;0828000011045;1;0;;false
1109831;1109831;0828000011045;1;0;;false
1108070;1108070;0828000011046;1;0;;false
1108071;1108071;0828000011046;1;0;;false
1108302;1108302;0828000011046;1;0;;false
1108303;1108303;0828000011046;1;0;;false
1108304;1108304;0828000011046;1;0;;false
1108376;1108376;0828000011046;1;0;;false
1108378;1108378;0828000011046;1;0;;false
1108576;1108576;0828000011046;1;0;;false
1108584;1108584;0828000011046;1;0;;false
1108727;1108727;0828000011046;1;0;;false
1109270;1109270;0828000011046;1;0;;false
1109596;1109596;0828000011046;1;0;;false
1109599;1109599;0828000011046;1;0;;false
1109665;1109665;0828000011046;1;0;;false
7625;7625;0828000011046;1;0;;false
1108326;1108326;0828000011047;1;0;;false
1108578;1108578;0828000011047;1;0;;false
1108579;1108579;0828000011047;1;0;;false
1108723;1108723;0828000011047;1;0;;false
1108736;1108736;0828000011047;1;0;;false
1108737;1108737;0828000011047;1;0;;false
1108738;1108738;0828000011047;1;0;;false
1109611;1109611;0828000011047;1;0;;false
1109697;1109697;0828000011047;1;0;;false
1109698;1109698;0828000011047;1;0;;false
1109699;1109699;0828000011047;1;0;;false
1109706;1109706;0828000011047;1;0;;false
1109806;1109806;0828000011047;1;0;;false
1109807;1109807;0828000011047;1;0;;false
1109808;1109808;0828000011047;1;0;;false
1109810;1109810;0828000011047;1;0;;false
1109811;1109811;0828000011047;1;0;;false
1109812;1109812;0828000011047;1;0;;false
1109813;1109813;0828000011047;1;0;;false
1108297;1108297;0828000011048;1;0;;false
1108390;1108390;0828000011048;1;0;;false
1108476;1108476;0828000011048;1;0;;false
1108477;1108477;0828000011048;1;0;;false
1108508;1108508;0828000011048;1;0;;false
1108581;1108581;0828000011048;1;0;;false
1108582;1108582;0828000011048;1;0;;false
1108583;1108583;0828000011048;1;0;;false
1108739;1108739;0828000011048;1;0;;false
1109279;1109279;0828000011048;1;0;;false
1109418;1109418;0828000011048;1;0;;false
1109680;1109680;0828000011048;1;0;;false
1109681;1109681;0828000011048;1;0;;false
1109682;1109682;0828000011048;1;0;;false
1109683;1109683;0828000011048;1;0;;false
1109684;1109684;0828000011048;1;0;;false
1109685;1109685;0828000011048;1;0;;false
1109691;1109691;0828000011048;1;0;;false
1108287;1108287;0828000011049;1;0;;false
1108616;1108616;0828000011049;1;0;;false
1108624;1108624;0828000011049;1;0;;false
1108628;1108628;0828000011049;1;0;;false
1108634;1108634;0828000011049;1;0;;false
1108635;1108635;0828000011049;1;0;;false
1108636;1108636;0828000011049;1;0;;false
1108685;1108685;0828000011049;1;0;;false
1108686;1108686;0828000011049;1;0;;false
1108709;1108709;0828000011049;1;0;;false
1108710;1108710;0828000011049;1;0;;false
1108711;1108711;0828000011049;1;0;;false
1108712;1108712;0828000011049;1;0;;false
1108713;1108713;0828000011049;1;0;;false
1109116;1109116;0828000011049;1;0;;false
1109124;1109124;0828000011049;1;0;;false
1109407;1109407;0828000011049;1;0;;false
1109711;1109711;0828000011049;1;0;;false
1108298;1108298;0828000011050;1;0;;false
1108310;1108310;0828000011050;1;0;;false
1108311;1108311;0828000011050;1;0;;false
1108478;1108478;0828000011050;1;0;;false
1108479;1108479;0828000011050;1;0;;false
1108551;1108551;0828000011050;1;0;;false
1108552;1108552;0828000011050;1;0;;false
1108687;1108687;0828000011050;1;0;;false
1108689;1108689;0828000011050;1;0;;false
1108690;1108690;0828000011050;1;0;;false
1109261;1109261;0828000011050;1;0;;false
1109288;1109288;0828000011050;1;0;;false
1109678;1109678;0828000011050;1;0;;false
1109686;1109686;0828000011050;1;0;;false
1109707;1109707;0828000011050;1;0;;false
1109710;1109710;0828000011050;1;0;;false
1109717;1109717;0828000011050;1;0;;false
1108299;1108299;0828000011051;1;0;;false
1108321;1108321;0828000011051;1;0;;false
1108379;1108379;0828000011051;1;0;;false
1108553;1108553;0828000011051;1;0;;false
1108554;1108554;0828000011051;1;0;;false
1108557;1108557;0828000011051;1;0;;false
1108558;1108558;0828000011051;1;0;;false
1108559;1108559;0828000011051;1;0;;false
1108560;1108560;0828000011051;1;0;;false
1108691;1108691;0828000011051;1;0;;false
1108692;1108692;0828000011051;1;0;;false
1108693;1108693;0828000011051;1;0;;false
1109233;1109233;0828000011051;1;0;;false
1109290;1109290;0828000011051;1;0;;false
1109605;1109605;0828000011051;1;0;;false
1109608;1109608;0828000011051;1;0;;false
1109658;1109658;0828000011051;1;0;;false
1108198;1108198;0828000011052;1;0;;false
1108199;1108199;0828000011052;1;0;;false
1108200;1108200;0828000011052;1;0;;false
1108201;1108201;0828000011052;1;0;;false
1108202;1108202;0828000011052;1;0;;false
1108296;1108296;0828000011052;1;0;;false
1108322;1108322;0828000011052;1;0;;false
1108323;1108323;0828000011052;1;0;;false
1108328;1108328;0828000011052;1;0;;false
1108694;1108694;0828000011052;1;0;;false
1109293;1109293;0828000011052;1;0;;false
1109606;1109606;0828000011052;1;0;;false
1109609;1109609;0828000011052;1;0;;false
1109613;1109613;0828000011052;1;0;;false
1109708;1109708;0828000011052;1;0;;false
1109709;1109709;0828000011052;1;0;;false
1108329;1108329;0828000011053;1;0;;false
1108053;1108053;0828000011054;1;0;;false
1108905;1108905;0828000011055;1;0;;false
1108906;1108906;0828000011055;1;0;;false
1108909;1108909;0828000011055;1;0;;false
1108910;1108910;0828000011055;1;0;;false
1109839;1109839;0828000011055;1;0;;false
1109840;1109840;0828000011055;1;0;;false
1109841;1109841;0828000011055;1;0;;false
1109845;1109845;0828000011055;1;0;;false
1109846;1109846;0828000011055;1;0;;false
1108903;1108903;0828000011056;1;0;;false
1108904;1108904;0828000011056;1;0;;false
1108907;1108907;0828000011056;1;0;;false
1108908;1108908;0828000011056;1;0;;false
1109838;1109838;0828000011056;1;0;;false
1109842;1109842;0828000011056;1;0;;false
1120145;1120145;0828000011056;1;0;;false
1120146;1120146;0828000011056;1;0;;false
1120247;1120247;0828000011056;1;0;;false
1108454;1108454;0828000011057;1;0;;false
1108743;1108743;0828000011057;1;0;;false
1108744;1108744;0828000011057;1;0;;false
1108745;1108745;0828000011057;1;0;;false
1108746;1108746;0828000011057;1;0;;false
1108747;1108747;0828000011057;1;0;;false
1108748;1108748;0828000011057;1;0;;false
1108749;1108749;0828000011057;1;0;;false
1108750;1108750;0828000011057;1;0;;false
1108751;1108751;0828000011057;1;0;;false
1108752;1108752;0828000011057;1;0;;false
1108753;1108753;0828000011057;1;0;;false
1108754;1108754;0828000011057;1;0;;false
1120144;1120144;0828000011057;1;0;;false
1108755;1108755;0828000011058;1;0;;false
1108756;1108756;0828000011058;1;0;;false
1108757;1108757;0828000011058;1;0;;false
1108758;1108758;0828000011058;1;0;;false
1108394;1108394;0828000011059;1;0;;false
1108395;1108395;0828000011059;1;0;;false
1108396;1108396;0828000011059;1;0;;false
1108398;1108398;0828000011059;1;0;;false
1108399;1108399;0828000011059;1;0;;false
1108400;1108400;0828000011059;1;0;;false
1108401;1108401;0828000011059;1;0;;false
1108403;1108403;0828000011059;1;0;;false
1108404;1108404;0828000011059;1;0;;false
1108405;1108405;0828000011059;1;0;;false
1107926;1107926;0828000011060;1;0;;false
1108760;1108760;0828000011060;1;0;;false
1109423;1109423;0828000011060;1;0;;false
1109024;1109024;0828000011061;1;0;;false
1109029;1109029;0828000011061;1;0;;false
1109034;1109034;0828000011061;1;0;;false
1109035;1109035;0828000011061;1;0;;false
1109036;1109036;0828000011061;1;0;;false
1109037;1109037;0828000011061;1;0;;false
1109038;1109038;0828000011061;1;0;;false
1109039;1109039;0828000011061;1;0;;false
1109040;1109040;0828000011061;1;0;;false
1107927;1107927;0828000011062;1;0;;false
1107930;1107930;0828000011062;1;0;;false
1109025;1109025;0828000011062;1;0;;false
1109026;1109026;0828000011062;1;0;;false
1109027;1109027;0828000011062;1;0;;false
1109028;1109028;0828000011062;1;0;;false
1109345;1109345;0828000011062;1;0;;false
1109346;1109346;0828000011062;1;0;;false
1109348;1109348;0828000011062;1;0;;false
1109384;1109384;0828000011062;1;0;;false
1109385;1109385;0828000011062;1;0;;false
1107928;1107928;0828000011063;1;0;;false
1107929;1107929;0828000011063;1;0;;false
1108759;1108759;0828000011063;1;0;;false
1108980;1108980;0828000011063;1;0;;false
1109013;1109013;0828000011063;1;0;;false
1109018;1109018;0828000011063;1;0;;false
1109019;1109019;0828000011063;1;0;;false
1109347;1109347;0828000011063;1;0;;false
1109020;1109020;0828000011064;1;0;;false
1109021;1109021;0828000011064;1;0;;false
1109022;1109022;0828000011064;1;0;;false
1109023;1109023;0828000011064;1;0;;false
1109031;1109031;0828000011064;1;0;;false
1109032;1109032;0828000011064;1;0;;false
1109033;1109033;0828000011064;1;0;;false
1109349;1109349;0828000011064;1;0;;false
1108974;1108974;0828000011065;1;0;;false
1108975;1108975;0828000011065;1;0;;false
1108976;1108976;0828000011065;1;0;;false
1108977;1108977;0828000011065;1;0;;false
1108978;1108978;0828000011065;1;0;;false
1108979;1108979;0828000011065;1;0;;false
1108981;1108981;0828000011065;1;0;;false
1108986;1108986;0828000011065;1;0;;false
1109041;1109041;0828000011065;1;0;;false
1109042;1109042;0828000011065;1;0;;false
1109043;1109043;0828000011065;1;0;;false
1109044;1109044;0828000011065;1;0;;false
1108982;1108982;0828000011066;1;0;;false
1108987;1108987;0828000011066;1;0;;false
1109014;1109014;0828000011066;1;0;;false
1109015;1109015;0828000011066;1;0;;false
1109016;1109016;0828000011066;1;0;;false
1109017;1109017;0828000011066;1;0;;false
1109030;1109030;0828000011066;1;0;;false
1109350;1109350;0828000011066;1;0;;false
1109223;1109223;0828000011067;1;0;;false
1109224;1109224;0828000011067;1;0;;false
1109226;1109226;0828000011067;1;0;;false
1109351;1109351;0828000011067;1;0;;false
1109352;1109352;0828000011067;1;0;;false
1109353;1109353;0828000011067;1;0;;false
1109356;1109356;0828000011067;1;0;;false
1109386;1109386;0828000011067;1;0;;false
1109387;1109387;0828000011067;1;0;;false
1109392;1109392;0828000011067;1;0;;false
1108078;1108078;0828000011068;1;0;;false
1108079;1108079;0828000011068;1;0;;false
1108080;1108080;0828000011068;1;0;;false
1108081;1108081;0828000011068;1;0;;false
1109225;1109225;0828000011068;1;0;;false
1109234;1109234;0828000011068;1;0;;false
1109235;1109235;0828000011068;1;0;;false
1109391;1109391;0828000011068;1;0;;false
1109354;1109354;0828000011069;1;0;;false
1109355;1109355;0828000011069;1;0;;false
1109388;1109388;0828000011069;1;0;;false
1109389;1109389;0828000011069;1;0;;false
1109390;1109390;0828000011069;1;0;;false
1107949;1107949;0828000011070;1;0;;false
1107950;1107950;0828000011070;1;0;;false
1107951;1107951;0828000011070;1;0;;false
1107952;1107952;0828000011070;1;0;;false
1107953;1107953;0828000011070;1;0;;false
1107954;1107954;0828000011070;1;0;;false
1107955;1107955;0828000011070;1;0;;false
1107956;1107956;0828000011070;1;0;;false
1107957;1107957;0828000011070;1;0;;false
1107958;1107958;0828000011070;1;0;;false
1107959;1107959;0828000011070;1;0;;false
1107960;1107960;0828000011070;1;0;;false
1107967;1107967;0828000011070;1;0;;false
1107968;1107968;0828000011070;1;0;;false
1107969;1107969;0828000011070;1;0;;false
1107970;1107970;0828000011070;1;0;;false
1107971;1107971;0828000011070;1;0;;false
1107972;1107972;0828000011070;1;0;;false
1107973;1107973;0828000011070;1;0;;false
1107974;1107974;0828000011070;1;0;;false
1107975;1107975;0828000011070;1;0;;false
1107976;1107976;0828000011070;1;0;;false
1107978;1107978;0828000011070;1;0;;false
1107982;1107982;0828000011070;1;0;;false
1107961;1107961;0828000011071;1;0;;false
1107962;1107962;0828000011071;1;0;;false
1107963;1107963;0828000011071;1;0;;false
1107964;1107964;0828000011071;1;0;;false
1107965;1107965;0828000011071;1;0;;false
1107966;1107966;0828000011071;1;0;;false
1107977;1107977;0828000011071;1;0;;false
1107981;1107981;0828000011071;1;0;;false
1108407;1108407;0828000011072;1;0;;false
1108408;1108408;0828000011072;1;0;;false
1108409;1108409;0828000011072;1;0;;false
1108410;1108410;0828000011072;1;0;;false
1108413;1108413;0828000011072;1;0;;false
1109616;1109616;0828000011073;1;0;;false
1109617;1109617;0828000011073;1;0;;false
1109618;1109618;0828000011073;1;0;;false
1109620;1109620;0828000011073;1;0;;false
1109622;1109622;0828000011073;1;0;;false
1109623;1109623;0828000011073;1;0;;false
1109625;1109625;0828000011073;1;0;;false
1109626;1109626;0828000011073;1;0;;false
1109627;1109627;0828000011073;1;0;;false
1109628;1109628;0828000011073;1;0;;false
1109629;1109629;0828000011074;1;0;;false
1109630;1109630;0828000011074;1;0;;false
1109847;1109847;0828000011075;1;0;;false
1109850;1109850;0828000011075;1;0;;false
1109853;1109853;0828000011075;1;0;;false
1109854;1109854;0828000011075;1;0;;false
1109855;1109855;0828000011075;1;0;;false
1109857;1109857;0828000011075;1;0;;false
1109859;1109859;0828000011075;1;0;;false
1109860;1109860;0828000011075;1;0;;false
1109861;1109861;0828000011075;1;0;;false
1109862;1109862;0828000011075;1;0;;false
1109863;1109863;0828000011075;1;0;;false
1109864;1109864;0828000011075;1;0;;false
1109865;1109865;0828000011075;1;0;;false
1109848;1109848;0828000011076;1;0;;false
1109851;1109851;0828000011076;1;0;;false
1109852;1109852;0828000011076;1;0;;false
1109856;1109856;0828000011076;1;0;;false
1109858;1109858;0828000011076;1;0;;false
1108330;1108330;0828000011077;1;0;;false
1109472;1109472;0828000011077;1;0;;false
1109473;1109473;0828000011077;1;0;;false
1109483;1109483;0828000011077;1;0;;false
1109453;1109453;0828000011078;1;0;;false
1109456;1109456;0828000011078;1;0;;false
1109461;1109461;0828000011078;1;0;;false
1109467;1109467;0828000011078;1;0;;false
1109474;1109474;0828000011078;1;0;;false
1109475;1109475;0828000011078;1;0;;false
1108513;1108513;0828000011079;1;0;;false
1108514;1108514;0828000011079;1;0;;false
1109454;1109454;0828000011079;1;0;;false
1109455;1109455;0828000011079;1;0;;false
1109459;1109459;0828000011080;1;0;;false
1109460;1109460;0828000011080;1;0;;false
1109463;1109463;0828000011080;1;0;;false
1109466;1109466;0828000011080;1;0;;false
1109457;1109457;0828000011081;1;0;;false
1109470;1109470;0828000011081;1;0;;false
1109471;1109471;0828000011081;1;0;;false
1109480;1109480;0828000011081;1;0;;false
1109481;1109481;0828000011081;1;0;;false
1109458;1109458;0828000011082;1;0;;false
1109468;1109468;0828000011082;1;0;;false
1109469;1109469;0828000011082;1;0;;false
1109478;1109478;0828000011082;1;0;;false
1109484;1109484;0828000011082;1;0;;false
1109477;1109477;0828000011083;1;0;;false
1109479;1109479;0828000011083;1;0;;false
1109482;1109482;0828000011083;1;0;;false
1109719;1109719;0828000011084;1;0;;false
1109725;1109725;0828000011084;1;0;;false
1109726;1109726;0828000011084;1;0;;false
1109737;1109737;0828000011084;1;0;;false
1109777;1109777;0828000011084;1;0;;false
1109778;1109778;0828000011084;1;0;;false
1109720;1109720;0828000011085;1;0;;false
1109727;1109727;0828000011085;1;0;;false
1109729;1109729;0828000011085;1;0;;false
1109730;1109730;0828000011085;1;0;;false
1109731;1109731;0828000011085;1;0;;false
1109732;1109732;0828000011085;1;0;;false
1109733;1109733;0828000011085;1;0;;false
1109735;1109735;0828000011085;1;0;;false
1109736;1109736;0828000011085;1;0;;false
1109738;1109738;0828000011085;1;0;;false
1109776;1109776;0828000011085;1;0;;false
1109779;1109779;0828000011085;1;0;;false
1109722;1109722;0828000011086;1;0;;false
1109723;1109723;0828000011086;1;0;;false
1109724;1109724;0828000011086;1;0;;false
1109728;1109728;0828000011086;1;0;;false
1109734;1109734;0828000011086;1;0;;false
1109780;1109780;0828000011086;1;0;;false
1109781;1109781;0828000011086;1;0;;false
1109782;1109782;0828000011086;1;0;;false
1109783;1109783;0828000011086;1;0;;false
1109784;1109784;0828000011086;1;0;;false
1108206;1108206;0828000011087;1;0;;false
1108207;1108207;0828000011087;1;0;;false
1108225;1108225;0828000011087;1;0;;false
1108231;1108231;0828000011087;1;0;;false
1108416;1108416;0828000011087;1;0;;false
1108429;1108429;0828000011087;1;0;;false
1108946;1108946;0828000011087;1;0;;false
1108954;1108954;0828000011087;1;0;;false
1108132;1108132;0828000011088;1;0;;false
1108430;1108430;0828000011088;1;0;;false
1109509;1109509;0828000011088;1;0;;false
1109538;1109538;0828000011088;1;0;;false
1109539;1109539;0828000011088;1;0;;false
1109555;1109555;0828000011088;1;0;;false
1108208;1108208;0828000011089;1;0;;false
1108209;1108209;0828000011089;1;0;;false
1108223;1108223;0828000011089;1;0;;false
1108788;1108788;0828000011089;1;0;;false
1109170;1109170;0828000011089;1;0;;false
1108183;1108183;0828000011090;1;0;;false
1108214;1108214;0828000011090;1;0;;false
1108657;1108657;0828000011090;1;0;;false
1108944;1108944;0828000011090;1;0;;false
1108947;1108947;0828000011090;1;0;;false
1109171;1109171;0828000011090;1;0;;false
1109537;1109537;0828000011090;1;0;;false
1109540;1109540;0828000011090;1;0;;false
1109545;1109545;0828000011090;1;0;;false
1108771;1108771;0828000011091;1;0;;false
1108772;1108772;0828000011091;1;0;;false
1108773;1108773;0828000011091;1;0;;false
1108792;1108792;0828000011091;1;0;;false
1108805;1108805;0828000011091;1;0;;false
1108952;1108952;0828000011091;1;0;;false
1109578;1109578;0828000011091;1;0;;false
1108181;1108181;0828000011092;1;0;;false
1108182;1108182;0828000011092;1;0;;false
1108958;1108958;0828000011092;1;0;;false
1109166;1109166;0828000011092;1;0;;false
1109542;1109542;0828000011092;1;0;;false
1109579;1109579;0828000011092;1;0;;false
1108211;1108211;0828000011093;1;0;;false
1108212;1108212;0828000011093;1;0;;false
1108421;1108421;0828000011093;1;0;;false
1108959;1108959;0828000011093;1;0;;false
1109394;1109394;0828000011093;1;0;;false
1109399;1109399;0828000011093;1;0;;false
1109510;1109510;0828000011093;1;0;;false
1109514;1109514;0828000011093;1;0;;false
1108128;1108128;0828000011094;1;0;;false
1108213;1108213;0828000011094;1;0;;false
1108215;1108215;0828000011094;1;0;;false
1108426;1108426;0828000011094;1;0;;false
1108651;1108651;0828000011094;1;0;;false
1108953;1108953;0828000011094;1;0;;false
1109400;1109400;0828000011094;1;0;;false
1108184;1108184;0828000011095;1;0;;false
1108210;1108210;0828000011095;1;0;;false
1109167;1109167;0828000011095;1;0;;false
1109393;1109393;0828000011095;1;0;;false
1109398;1109398;0828000011095;1;0;;false
1109513;1109513;0828000011095;1;0;;false
1108187;1108187;0828000011096;1;0;;false
1108226;1108226;0828000011096;1;0;;false
1108227;1108227;0828000011096;1;0;;false
1108228;1108228;0828000011096;1;0;;false
1108789;1108789;0828000011096;1;0;;false
1108790;1108790;0828000011096;1;0;;false
1108794;1108794;0828000011096;1;0;;false
1108796;1108796;0828000011096;1;0;;false
1108806;1108806;0828000011096;1;0;;false
1108179;1108179;0828000011097;1;0;;false
1108180;1108180;0828000011097;1;0;;false
1108652;1108652;0828000011097;1;0;;false
1108825;1108825;0828000011097;1;0;;false
1108831;1108831;0828000011097;1;0;;false
1109169;1109169;0828000011097;1;0;;false
1109401;1109401;0828000011097;1;0;;false
1108054;1108054;0828000011098;1;0;;false
1108186;1108186;0828000011098;1;0;;false
1108221;1108221;0828000011098;1;0;;false
1108653;1108653;0828000011098;1;0;;false
1108654;1108654;0828000011098;1;0;;false
1108655;1108655;0828000011098;1;0;;false
1108656;1108656;0828000011098;1;0;;false
1108762;1108762;0828000011098;1;0;;false
1108763;1108763;0828000011098;1;0;;false
1109544;1109544;0828000011098;1;0;;false
1109546;1109546;0828000011098;1;0;;false
1109574;1109574;0828000011098;1;0;;false
1108055;1108055;0828000011099;1;0;;false
1108057;1108057;0828000011099;1;0;;false
1108217;1108217;0828000011099;1;0;;false
1108417;1108417;0828000011099;1;0;;false
1108761;1108761;0828000011099;1;0;;false
1108787;1108787;0828000011099;1;0;;false
1108791;1108791;0828000011099;1;0;;false
1109512;1109512;0828000011099;1;0;;false
1109541;1109541;0828000011099;1;0;;false
1108088;1108088;0828000011100;1;0;;false
1108089;1108089;0828000011100;1;0;;false
1108091;1108091;0828000011100;1;0;;false
1108234;1108234;0828000011100;1;0;;false
1108780;1108780;0828000011100;1;0;;false
1108793;1108793;0828000011100;1;0;;false
1108811;1108811;0828000011100;1;0;;false
1108829;1108829;0828000011100;1;0;;false
1109395;1109395;0828000011100;1;0;;false
1108415;1108415;0828000011101;1;0;;false
1109157;1109157;0828000011101;1;0;;false
1109161;1109161;0828000011101;1;0;;false
1109548;1109548;0828000011101;1;0;;false
1109549;1109549;0828000011101;1;0;;false
1109550;1109550;0828000011101;1;0;;false
1109551;1109551;0828000011101;1;0;;false
1109552;1109552;0828000011101;1;0;;false
1109553;1109553;0828000011101;1;0;;false
1108138;1108138;0828000011102;1;0;;false
1108224;1108224;0828000011102;1;0;;false
1108422;1108422;0828000011102;1;0;;false
1108774;1108774;0828000011102;1;0;;false
1108775;1108775;0828000011102;1;0;;false
1108949;1108949;0828000011102;1;0;;false
1109575;1109575;0828000011102;1;0;;false
1108768;1108768;0828000011103;1;0;;false
1108786;1108786;0828000011103;1;0;;false
1108951;1108951;0828000011103;1;0;;false
1109175;1109175;0828000011103;1;0;;false
1109176;1109176;0828000011103;1;0;;false
1109181;1109181;0828000011103;1;0;;false
1109182;1109182;0828000011103;1;0;;false
1108082;1108082;0828000011104;1;0;;false
1108083;1108083;0828000011104;1;0;;false
1108084;1108084;0828000011104;1;0;;false
1108085;1108085;0828000011104;1;0;;false
1108102;1108102;0828000011104;1;0;;false
1108134;1108134;0828000011104;1;0;;false
1108185;1108185;0828000011104;1;0;;false
1108216;1108216;0828000011104;1;0;;false
1108056;1108056;0828000011105;1;0;;false
1108146;1108146;0828000011105;1;0;;false
1108764;1108764;0828000011105;1;0;;false
1108797;1108797;0828000011105;1;0;;false
1108824;1108824;0828000011105;1;0;;false
1109165;1109165;0828000011105;1;0;;false
1109168;1109168;0828000011105;1;0;;false
1109294;1109294;0828000011105;1;0;;false
1109295;1109295;0828000011105;1;0;;false
1109296;1109296;0828000011105;1;0;;false
1109297;1109297;0828000011105;1;0;;false
1108086;1108086;0828000011106;1;0;;false
1108087;1108087;0828000011106;1;0;;false
1108219;1108219;0828000011106;1;0;;false
1108233;1108233;0828000011106;1;0;;false
1108419;1108419;0828000011106;1;0;;false
1108427;1108427;0828000011106;1;0;;false
1108769;1108769;0828000011106;1;0;;false
1108770;1108770;0828000011106;1;0;;false
1108776;1108776;0828000011106;1;0;;false
1108818;1108818;0828000011106;1;0;;false
1108820;1108820;0828000011106;1;0;;false
1108821;1108821;0828000011106;1;0;;false
1108130;1108130;0828000011107;1;0;;false
1108141;1108141;0828000011107;1;0;;false
1108142;1108142;0828000011107;1;0;;false
1108420;1108420;0828000011107;1;0;;false
1108423;1108423;0828000011107;1;0;;false
1108425;1108425;0828000011107;1;0;;false
1108428;1108428;0828000011107;1;0;;false
1108659;1108659;0828000011107;1;0;;false
1108660;1108660;0828000011107;1;0;;false
1108767;1108767;0828000011107;1;0;;false
1108948;1108948;0828000011107;1;0;;false
1109511;1109511;0828000011107;1;0;;false
1108218;1108218;0828000011108;1;0;;false
1108229;1108229;0828000011108;1;0;;false
1108230;1108230;0828000011108;1;0;;false
1108232;1108232;0828000011108;1;0;;false
1108795;1108795;0828000011108;1;0;;false
1108803;1108803;0828000011108;1;0;;false
1108804;1108804;0828000011108;1;0;;false
1108807;1108807;0828000011108;1;0;;false
1108810;1108810;0828000011108;1;0;;false
1108817;1108817;0828000011108;1;0;;false
1108819;1108819;0828000011108;1;0;;false
1109180;1109180;0828000011108;1;0;;false
1108139;1108139;0828000011109;1;0;;false
1108220;1108220;0828000011109;1;0;;false
1108222;1108222;0828000011109;1;0;;false
1108650;1108650;0828000011109;1;0;;false
1109424;1109424;0828000011109;1;0;;false
1109425;1109425;0828000011109;1;0;;false
1109515;1109515;0828000011109;1;0;;false
1109547;1109547;0828000011109;1;0;;false
1109576;1109576;0828000011109;1;0;;false
1109580;1109580;0828000011109;1;0;;false
1109581;1109581;0828000011109;1;0;;false
1109582;1109582;0828000011109;1;0;;false
1108039;1108039;0828000011110;1;0;;false
1108136;1108136;0828000011110;1;0;;false
1108646;1108646;0828000011110;1;0;;false
1108781;1108781;0828000011110;1;0;;false
1108798;1108798;0828000011110;1;0;;false
1108799;1108799;0828000011110;1;0;;false
1108800;1108800;0828000011110;1;0;;false
1108801;1108801;0828000011110;1;0;;false
1108802;1108802;0828000011110;1;0;;false
1108813;1108813;0828000011110;1;0;;false
1108830;1108830;0828000011110;1;0;;false
1108945;1108945;0828000011110;1;0;;false
1108126;1108126;0828000011111;1;0;;false
1108642;1108642;0828000011111;1;0;;false
1108647;1108647;0828000011111;1;0;;false
1108777;1108777;0828000011111;1;0;;false
1108778;1108778;0828000011111;1;0;;false
1108782;1108782;0828000011111;1;0;;false
1108783;1108783;0828000011111;1;0;;false
1108808;1108808;0828000011111;1;0;;false
1108809;1108809;0828000011111;1;0;;false
1108814;1108814;0828000011111;1;0;;false
1108816;1108816;0828000011111;1;0;;false
1109045;1109045;0828000011111;1;0;;false
1109046;1109046;0828000011111;1;0;;false
1109633;1109633;0828000011111;1;0;;false
1108133;1108133;0828000011112;1;0;;false
1108137;1108137;0828000011112;1;0;;false
1108140;1108140;0828000011112;1;0;;false
1108643;1108643;0828000011112;1;0;;false
1108644;1108644;0828000011112;1;0;;false
1108658;1108658;0828000011112;1;0;;false
1108950;1108950;0828000011112;1;0;;false
1108955;1108955;0828000011112;1;0;;false
1109585;1109585;0828000011112;1;0;;false
1108095;1108095;0828000011113;1;0;;false
1108785;1108785;0828000011113;1;0;;false
1109173;1109173;0828000011113;1;0;;false
1109521;1109521;0828000011113;1;0;;false
1109554;1109554;0828000011113;1;0;;false
1109583;1109583;0828000011113;1;0;;false
1109584;1109584;0828000011113;1;0;;false
1109586;1109586;0828000011113;1;0;;false
1109587;1109587;0828000011113;1;0;;false
1109635;1109635;0828000011113;1;0;;false
1108127;1108127;0828000011114;1;0;;false
1108815;1108815;0828000011114;1;0;;false
1108828;1108828;0828000011114;1;0;;false
1109047;1109047;0828000011114;1;0;;false
1109160;1109160;0828000011114;1;0;;false
1109162;1109162;0828000011114;1;0;;false
1109163;1109163;0828000011114;1;0;;false
1109172;1109172;0828000011114;1;0;;false
1109427;1109427;0828000011114;1;0;;false
1109631;1109631;0828000011114;1;0;;false
1108135;1108135;0828000011115;1;0;;false
1108418;1108418;0828000011115;1;0;;false
1108648;1108648;0828000011115;1;0;;false
1108661;1108661;0828000011115;1;0;;false
1108662;1108662;0828000011115;1;0;;false
1108779;1108779;0828000011115;1;0;;false
1108822;1108822;0828000011115;1;0;;false
1108823;1108823;0828000011115;1;0;;false
1108826;1108826;0828000011115;1;0;;false
1109158;1109158;0828000011115;1;0;;false
1109164;1109164;0828000011115;1;0;;false
1109174;1109174;0828000011115;1;0;;false
1109516;1109516;0828000011115;1;0;;false
1109518;1109518;0828000011115;1;0;;false
1109519;1109519;0828000011115;1;0;;false
1108097;1108097;0828000011116;1;0;;false
1108145;1108145;0828000011116;1;0;;false
1108827;1108827;0828000011116;1;0;;false
1109048;1109048;0828000011116;1;0;;false
1109049;1109049;0828000011116;1;0;;false
1109050;1109050;0828000011116;1;0;;false
1109428;1109428;0828000011116;1;0;;false
1109429;1109429;0828000011116;1;0;;false
1109517;1109517;0828000011116;1;0;;false
1109520;1109520;0828000011116;1;0;;false
1109522;1109522;0828000011116;1;0;;false
1109632;1109632;0828000011116;1;0;;false
1108099;1108099;0828000011117;1;0;;false
1108100;1108100;0828000011117;1;0;;false
1108101;1108101;0828000011117;1;0;;false
1108331;1108331;0828000011118;1;0;;false
1108333;1108333;0828000011118;1;0;;false
1108334;1108334;0828000011118;1;0;;false
1108336;1108336;0828000011118;1;0;;false
1108337;1108337;0828000011118;1;0;;false
1108340;1108340;0828000011118;1;0;;false
1108341;1108341;0828000011118;1;0;;false
1108103;1108103;0828000011119;1;0;;false
1108104;1108104;0828000011119;1;0;;false
1108105;1108105;0828000011119;1;0;;false
1108058;1108058;0828000011120;1;0;;false
1108059;1108059;0828000011120;1;0;;false
1108060;1108060;0828000011120;1;0;;false
1108061;1108061;0828000011120;1;0;;false
1108062;1108062;0828000011120;1;0;;false
1108063;1108063;0828000011120;1;0;;false
1108064;1108064;0828000011120;1;0;;false
1109051;1109051;0828000011120;1;0;;false
1109053;1109053;0828000011120;1;0;;false
1109054;1109054;0828000011120;1;0;;false
1109055;1109055;0828000011120;1;0;;false
1109056;1109056;0828000011120;1;0;;false
1120116;1120116;0828000011120;1;0;;false
1109052;1109052;0828000011121;1;0;;false
1120235;1120235;0828000011121;1;0;;false
1120237;1120237;0828000011121;1;0;;false
1120238;1120238;0828000011121;1;0;;false
1120239;1120239;0828000011121;1;0;;false
1120240;1120240;0828000011121;1;0;;false
1120241;1120241;0828000011121;1;0;;false
1120242;1120242;0828000011121;1;0;;false
1120243;1120243;0828000011121;1;0;;false
1120244;1120244;0828000011121;1;0;;false
1120245;1120245;0828000011121;1;0;;false
1108832;1108832;0828000011122;1;0;;false
1108836;1108836;0828000011122;1;0;;false
1108843;1108843;0828000011122;1;0;;false
1108847;1108847;0828000011122;1;0;;false
1108857;1108857;0828000011122;1;0;;false
1108966;1108966;0828000011122;1;0;;false
1108967;1108967;0828000011122;1;0;;false
1108835;1108835;0828000011123;1;0;;false
1108842;1108842;0828000011123;1;0;;false
1108849;1108849;0828000011123;1;0;;false
1108850;1108850;0828000011123;1;0;;false
1108861;1108861;0828000011123;1;0;;false
1108862;1108862;0828000011123;1;0;;false
1108864;1108864;0828000011123;1;0;;false
1108960;1108960;0828000011123;1;0;;false
1109187;1109187;0828000011123;1;0;;false
1109188;1109188;0828000011123;1;0;;false
1109194;1109194;0828000011123;1;0;;false
1109200;1109200;0828000011123;1;0;;false
1108833;1108833;0828000011124;1;0;;false
1108834;1108834;0828000011124;1;0;;false
1108837;1108837;0828000011124;1;0;;false
1108838;1108838;0828000011124;1;0;;false
1108854;1108854;0828000011124;1;0;;false
1108859;1108859;0828000011124;1;0;;false
1108860;1108860;0828000011124;1;0;;false
1109189;1109189;0828000011124;1;0;;false
1109190;1109190;0828000011124;1;0;;false
1109196;1109196;0828000011124;1;0;;false
1109197;1109197;0828000011124;1;0;;false
1109198;1109198;0828000011124;1;0;;false
1108839;1108839;0828000011125;1;0;;false
1108840;1108840;0828000011125;1;0;;false
1108845;1108845;0828000011125;1;0;;false
1108851;1108851;0828000011125;1;0;;false
1108852;1108852;0828000011125;1;0;;false
1108856;1108856;0828000011125;1;0;;false
1108961;1108961;0828000011125;1;0;;false
1108965;1108965;0828000011125;1;0;;false
1109183;1109183;0828000011125;1;0;;false
1109185;1109185;0828000011125;1;0;;false
1109195;1109195;0828000011125;1;0;;false
1109199;1109199;0828000011125;1;0;;false
1109202;1109202;0828000011125;1;0;;false
1109203;1109203;0828000011125;1;0;;false
1108841;1108841;0828000011126;1;0;;false
1108844;1108844;0828000011126;1;0;;false
1108846;1108846;0828000011126;1;0;;false
1108848;1108848;0828000011126;1;0;;false
1108853;1108853;0828000011126;1;0;;false
1108858;1108858;0828000011126;1;0;;false
1108863;1108863;0828000011126;1;0;;false
1108962;1108962;0828000011126;1;0;;false
1108963;1108963;0828000011126;1;0;;false
1108964;1108964;0828000011126;1;0;;false
1108968;1108968;0828000011126;1;0;;false
1108969;1108969;0828000011126;1;0;;false
1108970;1108970;0828000011126;1;0;;false
1109184;1109184;0828000011126;1;0;;false
1109186;1109186;0828000011126;1;0;;false
1109193;1109193;0828000011126;1;0;;false
1109201;1109201;0828000011126;1;0;;false
1109739;1109739;0828000011127;1;0;;false
1109740;1109740;0828000011127;1;0;;false
1109741;1109741;0828000011127;1;0;;false
1109742;1109742;0828000011127;1;0;;false
1109743;1109743;0828000011127;1;0;;false
1109744;1109744;0828000011127;1;0;;false
1109745;1109745;0828000011127;1;0;;false
1120101;1120101;0828000011127;1;0;;false
1120208;1120208;0828000011127;1;0;;false
1120210;1120210;0828000011127;1;0;;false
1109080;1109080;0828000011128;1;0;;false
1109085;1109085;0828000011128;1;0;;false
1109359;1109359;0828000011128;1;0;;false
1109409;1109409;0828000011128;1;0;;false
1109088;1109088;0828000011129;1;0;;false
1109357;1109357;0828000011129;1;0;;false
1109358;1109358;0828000011129;1;0;;false
1109360;1109360;0828000011129;1;0;;false
1109410;1109410;0828000011129;1;0;;false
1109411;1109411;0828000011129;1;0;;false
1109058;1109058;0828000011130;1;0;;false
1109061;1109061;0828000011130;1;0;;false
1109070;1109070;0828000011130;1;0;;false
1109072;1109072;0828000011130;1;0;;false
1109062;1109062;0828000011131;1;0;;false
1109064;1109064;0828000011131;1;0;;false
1109073;1109073;0828000011131;1;0;;false
1109076;1109076;0828000011131;1;0;;false
1108993;1108993;0828000011132;1;0;;false
1109060;1109060;0828000011132;1;0;;false
1109069;1109069;0828000011132;1;0;;false
1109071;1109071;0828000011132;1;0;;false
1108988;1108988;0828000011133;1;0;;false
1108989;1108989;0828000011133;1;0;;false
1109065;1109065;0828000011133;1;0;;false
1109074;1109074;0828000011133;1;0;;false
1109084;1109084;0828000011133;1;0;;false
1109086;1109086;0828000011133;1;0;;false
1109075;1109075;0828000011134;1;0;;false
1109077;1109077;0828000011134;1;0;;false
1109087;1109087;0828000011134;1;0;;false
1109078;1109078;0828000011135;1;0;;false
1109079;1109079;0828000011135;1;0;;false
1109089;1109089;0828000011135;1;0;;false
1108990;1108990;0828000011136;1;0;;false
1108991;1108991;0828000011136;1;0;;false
1108994;1108994;0828000011136;1;0;;false
1108995;1108995;0828000011136;1;0;;false
1109068;1109068;0828000011136;1;0;;false
1109412;1109412;0828000011136;1;0;;false
1109413;1109413;0828000011136;1;0;;false
1109090;1109090;0828000011137;1;0;;false
1108106;1108106;0828000011138;1;0;;false
1108107;1108107;0828000011138;1;0;;false
1108110;1108110;0828000011138;1;0;;false
1108147;1108147;0828000011138;1;0;;false
1108155;1108155;0828000011138;1;0;;false
1109228;1109228;0828000011138;1;0;;false
1109236;1109236;0828000011138;1;0;;false
1109237;1109237;0828000011138;1;0;;false
1109238;1109238;0828000011138;1;0;;false
1109241;1109241;0828000011138;1;0;;false
1109247;1109247;0828000011138;1;0;;false
1109361;1109361;0828000011138;1;0;;false
1109365;1109365;0828000011138;1;0;;false
1109369;1109369;0828000011138;1;0;;false
1109370;1109370;0828000011138;1;0;;false
1109415;1109415;0828000011138;1;0;;false
1108149;1108149;0828000011139;1;0;;false
1108150;1108150;0828000011139;1;0;;false
1108153;1108153;0828000011139;1;0;;false
1108156;1108156;0828000011139;1;0;;false
1108157;1108157;0828000011139;1;0;;false
1109227;1109227;0828000011139;1;0;;false
1109240;1109240;0828000011139;1;0;;false
1109242;1109242;0828000011139;1;0;;false
1109243;1109243;0828000011139;1;0;;false
1109246;1109246;0828000011139;1;0;;false
1109364;1109364;0828000011139;1;0;;false
1109368;1109368;0828000011139;1;0;;false
1109414;1109414;0828000011139;1;0;;false
1109430;1109430;0828000011139;1;0;;false
1109431;1109431;0828000011139;1;0;;false
1108111;1108111;0828000011140;1;0;;false
1108115;1108115;0828000011140;1;0;;false
1108148;1108148;0828000011140;1;0;;false
1108151;1108151;0828000011140;1;0;;false
1108152;1108152;0828000011140;1;0;;false
1109239;1109239;0828000011140;1;0;;false
1109248;1109248;0828000011140;1;0;;false
1109250;1109250;0828000011140;1;0;;false
1109362;1109362;0828000011140;1;0;;false
1109363;1109363;0828000011140;1;0;;false
1109366;1109366;0828000011140;1;0;;false
1109367;1109367;0828000011140;1;0;;false
1109489;1109489;0828000011141;1;0;;false
1109492;1109492;0828000011141;1;0;;false
1109496;1109496;0828000011141;1;0;;false
1109485;1109485;0828000011142;1;0;;false
1109494;1109494;0828000011142;1;0;;false
1109487;1109487;0828000011143;1;0;;false
1109495;1109495;0828000011143;1;0;;false
1109499;1109499;0828000011143;1;0;;false
1109488;1109488;0828000011144;1;0;;false
1109498;1109498;0828000011144;1;0;;false
1109486;1109486;0828000011145;1;0;;false
1109490;1109490;0828000011145;1;0;;false
1108602;1108602;0828000011146;1;0;;false
1109746;1109746;0828000011146;1;0;;false
1109785;1109785;0828000011146;1;0;;false
1109786;1109786;0828000011146;1;0;;false
1109787;1109787;0828000011146;1;0;;false
1109747;1109747;0828000011147;1;0;;false
1108163;1108163;0828000011148;1;0;;false
1108247;1108247;0828000011148;1;0;;false
1109298;1109298;0828000011148;1;0;;false
1109873;1109873;0828000011148;1;0;;false
1109875;1109875;0828000011148;1;0;;false
1108235;1108235;0828000011149;1;0;;false
1108518;1108518;0828000011149;1;0;;false
1108524;1108524;0828000011149;1;0;;false
1108611;1108611;0828000011149;1;0;;false
1108888;1108888;0828000011149;1;0;;false
1108889;1108889;0828000011149;1;0;;false
1109867;1109867;0828000011149;1;0;;false
1108365;1108365;0828000011150;1;0;;false
1108435;1108435;0828000011150;1;0;;false
1108440;1108440;0828000011150;1;0;;false
1108890;1108890;0828000011150;1;0;;false
1109309;1109309;0828000011150;1;0;;false
1108047;1108047;0828000011151;1;0;;false
1108165;1108165;0828000011151;1;0;;false
1108237;1108237;0828000011151;1;0;;false
1108444;1108444;0828000011151;1;0;;false
1108455;1108455;0828000011151;1;0;;false
1108523;1108523;0828000011151;1;0;;false
1108608;1108608;0828000011151;1;0;;false
1109373;1109373;0828000011151;1;0;;false
1108236;1108236;0828000011152;1;0;;false
1108446;1108446;0828000011152;1;0;;false
1108609;1108609;0828000011152;1;0;;false
1108612;1108612;0828000011152;1;0;;false
1108613;1108613;0828000011152;1;0;;false
1109374;1109374;0828000011152;1;0;;false
1109528;1109528;0828000011152;1;0;;false
1109593;1109593;0828000011152;1;0;;false
1109868;1109868;0828000011152;1;0;;false
1108116;1108116;0828000011153;1;0;;false
1108162;1108162;0828000011153;1;0;;false
1108350;1108350;0828000011153;1;0;;false
1109432;1109432;0828000011153;1;0;;false
1109594;1109594;0828000011153;1;0;;false
1109640;1109640;0828000011153;1;0;;false
1109874;1109874;0828000011153;1;0;;false
1109877;1109877;0828000011153;1;0;;false
1108048;1108048;0828000011154;1;0;;false
1108049;1108049;0828000011154;1;0;;false
1108164;1108164;0828000011154;1;0;;false
1108238;1108238;0828000011154;1;0;;false
1108519;1108519;0828000011154;1;0;;false
1108610;1108610;0828000011154;1;0;;false
1108899;1108899;0828000011154;1;0;;false
1109375;1109375;0828000011154;1;0;;false
1109763;1109763;0828000011154;1;0;;false
1108250;1108250;0828000011155;1;0;;false
1108447;1108447;0828000011155;1;0;;false
1109299;1109299;0828000011155;1;0;;false
1109372;1109372;0828000011155;1;0;;false
1109562;1109562;0828000011155;1;0;;false
1108439;1108439;0828000011156;1;0;;false
1108445;1108445;0828000011156;1;0;;false
1108677;1108677;0828000011156;1;0;;false
1108678;1108678;0828000011156;1;0;;false
1108877;1108877;0828000011156;1;0;;false
1109301;1109301;0828000011156;1;0;;false
1109530;1109530;0828000011156;1;0;;false
1109759;1109759;0828000011156;1;0;;false
1109760;1109760;0828000011156;1;0;;false
1109761;1109761;0828000011156;1;0;;false
1109762;1109762;0828000011156;1;0;;false
1108188;1108188;0828000011157;1;0;;false
1108607;1108607;0828000011157;1;0;;false
1108887;1108887;0828000011157;1;0;;false
1109218;1109218;0828000011157;1;0;;false
1109869;1109869;0828000011157;1;0;;false
1120204;1120204;0828000011157;1;0;;false
1108192;1108192;0828000011158;1;0;;false
1108897;1108897;0828000011158;1;0;;false
1108973;1108973;0828000011158;1;0;;false
1109252;1109252;0828000011158;1;0;;false
1109563;1109563;0828000011158;1;0;;false
1108189;1108189;0828000011159;1;0;;false
1108358;1108358;0828000011159;1;0;;false
1108361;1108361;0828000011159;1;0;;false
1108606;1108606;0828000011159;1;0;;false
1108881;1108881;0828000011159;1;0;;false
1108882;1108882;0828000011159;1;0;;false
1108884;1108884;0828000011159;1;0;;false
1109871;1109871;0828000011159;1;0;;false
1108052;1108052;0828000011160;1;0;;false
1108898;1108898;0828000011160;1;0;;false
1109251;1109251;0828000011160;1;0;;false
1109561;1109561;0828000011160;1;0;;false
1109591;1109591;0828000011160;1;0;;false
1109642;1109642;0828000011160;1;0;;false
1109751;1109751;0828000011160;1;0;;false
1120206;1120206;0828000011160;1;0;;false
1108872;1108872;0828000011161;1;0;;false
1109092;1109092;0828000011161;1;0;;false
1109093;1109093;0828000011161;1;0;;false
1109221;1109221;0828000011161;1;0;;false
1109222;1109222;0828000011161;1;0;;false
1108349;1108349;0828000011162;1;0;;false
1108526;1108526;0828000011162;1;0;;false
1108673;1108673;0828000011162;1;0;;false
1108674;1108674;0828000011162;1;0;;false
1109379;1109379;0828000011162;1;0;;false
1109527;1109527;0828000011162;1;0;;false
1108240;1108240;0828000011163;1;0;;false
1108255;1108255;0828000011163;1;0;;false
1108891;1108891;0828000011163;1;0;;false
1109253;1109253;0828000011163;1;0;;false
1109529;1109529;0828000011163;1;0;;false
1109556;1109556;0828000011163;1;0;;false
1109638;1109638;0828000011163;1;0;;false
1108051;1108051;0828000011164;1;0;;false
1108118;1108118;0828000011164;1;0;;false
1108160;1108160;0828000011164;1;0;;false
1108344;1108344;0828000011164;1;0;;false
1108346;1108346;0828000011164;1;0;;false
1108522;1108522;0828000011164;1;0;;false
1108874;1108874;0828000011164;1;0;;false
1109219;1109219;0828000011164;1;0;;false
1109380;1109380;0828000011164;1;0;;false
1109754;1109754;0828000011164;1;0;;false
1109876;1109876;0828000011164;1;0;;false
1108050;1108050;0828000011165;1;0;;false
1108159;1108159;0828000011165;1;0;;false
1108368;1108368;0828000011165;1;0;;false
1108517;1108517;0828000011165;1;0;;false
1108603;1108603;0828000011165;1;0;;false
1109095;1109095;0828000011165;1;0;;false
1109096;1109096;0828000011165;1;0;;false
1109643;1109643;0828000011165;1;0;;false
1109756;1109756;0828000011165;1;0;;false
1109757;1109757;0828000011165;1;0;;false
1108117;1108117;0828000011166;1;0;;false
1108367;1108367;0828000011166;1;0;;false
1109371;1109371;0828000011166;1;0;;false
1109376;1109376;0828000011166;1;0;;false
1109402;1109402;0828000011166;1;0;;false
1109564;1109564;0828000011166;1;0;;false
1109595;1109595;0828000011166;1;0;;false
1109641;1109641;0828000011166;1;0;;false
1109750;1109750;0828000011166;1;0;;false
1108121;1108121;0828000011167;1;0;;false
1108251;1108251;0828000011167;1;0;;false
1108351;1108351;0828000011167;1;0;;false
1108356;1108356;0828000011167;1;0;;false
1108442;1108442;0828000011167;1;0;;false
1108869;1108869;0828000011167;1;0;;false
1108873;1108873;0828000011167;1;0;;false
1108875;1108875;0828000011167;1;0;;false
1108971;1108971;0828000011167;1;0;;false
1109382;1109382;0828000011167;1;0;;false
1109758;1109758;0828000011167;1;0;;false
1108193;1108193;0828000011168;1;0;;false
1108254;1108254;0828000011168;1;0;;false
1108362;1108362;0828000011168;1;0;;false
1108363;1108363;0828000011168;1;0;;false
1108605;1108605;0828000011168;1;0;;false
1108883;1108883;0828000011168;1;0;;false
1109220;1109220;0828000011168;1;0;;false
1109302;1109302;0828000011168;1;0;;false
1109404;1109404;0828000011168;1;0;;false
1108161;1108161;0828000011169;1;0;;false
1108443;1108443;0828000011169;1;0;;false
1108615;1108615;0828000011169;1;0;;false
1108868;1108868;0828000011169;1;0;;false
1108885;1108885;0828000011169;1;0;;false
1108886;1108886;0828000011169;1;0;;false
1108893;1108893;0828000011169;1;0;;false
1108972;1108972;0828000011169;1;0;;false
1109210;1109210;0828000011169;1;0;;false
1109870;1109870;0828000011169;1;0;;false
1108195;1108195;0828000011170;1;0;;false
1108364;1108364;0828000011170;1;0;;false
1108436;1108436;0828000011170;1;0;;false
1108876;1108876;0828000011170;1;0;;false
1109094;1109094;0828000011170;1;0;;false
1109212;1109212;0828000011170;1;0;;false
1109215;1109215;0828000011170;1;0;;false
1109303;1109303;0828000011170;1;0;;false
1109304;1109304;0828000011170;1;0;;false
1109305;1109305;0828000011170;1;0;;false
1108120;1108120;0828000011171;1;0;;false
1108347;1108347;0828000011171;1;0;;false
1108348;1108348;0828000011171;1;0;;false
1108354;1108354;0828000011171;1;0;;false
1108441;1108441;0828000011171;1;0;;false
1108894;1108894;0828000011171;1;0;;false
1109403;1109403;0828000011171;1;0;;false
1109755;1109755;0828000011171;1;0;;false
1109764;1109764;0828000011171;1;0;;false
1108246;1108246;0828000011172;1;0;;false
1109377;1109377;0828000011172;1;0;;false
1109378;1109378;0828000011172;1;0;;false
1109557;1109557;0828000011172;1;0;;false
1109639;1109639;0828000011172;1;0;;false
1109748;1109748;0828000011172;1;0;;false
1108516;1108516;0828000011173;1;0;;false
1108525;1108525;0828000011173;1;0;;false
1108895;1108895;0828000011173;1;0;;false
1108896;1108896;0828000011173;1;0;;false
1109752;1109752;0828000011173;1;0;;false
1109753;1109753;0828000011173;1;0;;false
1108244;1108244;0828000011174;1;0;;false
1109381;1109381;0828000011174;1;0;;false
1109558;1109558;0828000011174;1;0;;false
1109872;1109872;0828000011174;1;0;;false
1108675;1108675;0828000011175;1;0;;false
1108676;1108676;0828000011175;1;0;;false
1108867;1108867;0828000011175;1;0;;false
1108892;1108892;0828000011175;1;0;;false
1109300;1109300;0828000011175;1;0;;false
1107934;1107934;0828000011176;1;0;;false
1108515;1108515;0828000011176;1;0;;false
1108520;1108520;0828000011176;1;0;;false
1109526;1109526;0828000011176;1;0;;false
1109592;1109592;0828000011176;1;0;;false
1108197;1108197;0828000011177;1;0;;false
1108357;1108357;0828000011177;1;0;;false
1108438;1108438;0828000011177;1;0;;false
1108521;1108521;0828000011177;1;0;;false
1108614;1108614;0828000011177;1;0;;false
1108880;1108880;0828000011177;1;0;;false
1109213;1109213;0828000011177;1;0;;false
1109217;1109217;0828000011177;1;0;;false
1109306;1109306;0828000011177;1;0;;false
1109307;1109307;0828000011177;1;0;;false
1108366;1108366;0828000011178;1;0;;false
1108870;1108870;0828000011178;1;0;;false
1108871;1108871;0828000011178;1;0;;false
1108878;1108878;0828000011178;1;0;;false
1108879;1108879;0828000011178;1;0;;false
1109308;1109308;0828000011178;1;0;;false
1109107;1109107;0828000011179;1;0;;false
1109109;1109109;0828000011179;1;0;;false
1108996;1108996;0828000011180;1;0;;false
1109101;1109101;0828000011180;1;0;;false
1109103;1109103;0828000011180;1;0;;false
1109383;1109383;0828000011180;1;0;;false
1109108;1109108;0828000011181;1;0;;false
1109111;1109111;0828000011181;1;0;;false
1107935;1107935;0828000011182;1;0;;false
1109102;1109102;0828000011182;1;0;;false
1109106;1109106;0828000011182;1;0;;false
1109110;1109110;0828000011182;1;0;;false
1109416;1109416;0828000011182;1;0;;false
1109112;1109112;0828000011183;1;0;;false
1120207;1120207;0828000011183;1;0;;false
1108014;1108014;0828000011184;1;0;;false
1108015;1108015;0828000011184;1;0;;false
1108016;1108016;0828000011184;1;0;;false
1108017;1108017;0828000011184;1;0;;false
1108018;1108018;0828000011184;1;0;;false
1108019;1108019;0828000011184;1;0;;false
1108020;1108020;0828000011184;1;0;;false
1108023;1108023;0828000011184;1;0;;false
1108024;1108024;0828000011184;1;0;;false
1108025;1108025;0828000011184;1;0;;false
1108026;1108026;0828000011184;1;0;;false
1108027;1108027;0828000011184;1;0;;false
1108028;1108028;0828000011184;1;0;;false
1108029;1108029;0828000011184;1;0;;false
